연번,호선,고유역번호(외부역코드),역명,수송연월,하차인원수
1,1,150,서울역(1),2022년1월,1050145
2,1,151,시청(1),2022년1월,508237
3,1,152,종각,2022년1월,796150
4,1,153,종로3가(1),2022년1월,601965
5,1,154,종로5가,2022년1월,552920
6,1,155,동대문(1),2022년1월,281274
7,1,156,신설동(1),2022년1월,338965
8,1,157,제기동,2022년1월,492913
9,1,158,청량리,2022년1월,544757
10,1,159,동묘앞(1),2022년1월,255518
11,2,201,시청(2),2022년1월,504488
12,2,202,을지로입구,2022년1월,952048
13,2,203,을지로3가(2),2022년1월,524327
14,2,204,을지로4가(2),2022년1월,303297
15,2,205,동대문역사문화공원(2),2022년1월,356653
16,2,206,신당(2),2022년1월,371778
17,2,207,상왕십리,2022년1월,350972
18,2,208,왕십리(2),2022년1월,346966
19,2,209,한양대,2022년1월,170492
20,2,210,뚝섬,2022년1월,576861
21,2,211,성수,2022년1월,984953
22,2,212,건대입구(2),2022년1월,1016924
23,2,213,구의,2022년1월,595740
24,2,214,강변,2022년1월,783866
25,2,215,잠실나루,2022년1월,337170
26,2,216,잠실(2),2022년1월,1818865
27,2,217,잠실새내,2022년1월,550080
28,2,218,종합운동장(2),2022년1월,207320
29,2,219,삼성,2022년1월,1273126
30,2,220,선릉,2022년1월,1163713
31,2,221,역삼,2022년1월,1352638
32,2,222,강남,2022년1월,2149571
33,2,223,교대(2),2022년1월,902146
34,2,224,서초,2022년1월,502350
35,2,225,방배,2022년1월,416331
36,2,226,사당(2),2022년1월,1032181
37,2,227,낙성대,2022년1월,677609
38,2,228,서울대입구,2022년1월,1205414
39,2,229,봉천,2022년1월,568513
40,2,230,신림,2022년1월,1609570
41,2,231,신대방,2022년1월,664763
42,2,232,구로디지털단지,2022년1월,1457395
43,2,233,대림(2),2022년1월,638186
44,2,234,신도림,2022년1월,1215029
45,2,235,문래,2022년1월,527164
46,2,236,영등포구청(2),2022년1월,572004
47,2,237,당산,2022년1월,517697
48,2,238,합정(2),2022년1월,859535
49,2,239,홍대입구,2022년1월,1589013
50,2,240,신촌,2022년1월,870854
51,2,241,이대,2022년1월,338601
52,2,242,아현,2022년1월,245880
53,2,243,충정로(2),2022년1월,250860
54,2,244,용답,2022년1월,74682
55,2,245,신답,2022년1월,48257
56,2,246,신설동(2),2022년1월,101233
57,2,247,도림천,2022년1월,36168
58,2,248,양천구청,2022년1월,182442
59,2,249,신정네거리,2022년1월,272239
60,2,250,용두,2022년1월,65638
61,3,309,지축,2022년1월,109941
62,3,310,구파발,2022년1월,503574
63,3,311,연신내(3),2022년1월,899611
64,3,312,불광(3),2022년1월,451915
65,3,313,녹번,2022년1월,352932
66,3,314,홍제,2022년1월,417966
67,3,315,무악재,2022년1월,101530
68,3,316,독립문,2022년1월,179555
69,3,317,경복궁,2022년1월,487013
70,3,318,안국,2022년1월,514732
71,3,319,종로3가(3),2022년1월,289868
72,3,320,을지로3가(3),2022년1월,253470
73,3,322,동대입구,2022년1월,202457
74,3,323,약수(3),2022년1월,315200
75,3,324,금호,2022년1월,196360
76,3,325,옥수,2022년1월,242273
77,3,326,압구정,2022년1월,887756
78,3,327,신사,2022년1월,850248
79,3,328,잠원,2022년1월,117831
80,3,329,고속터미널(3),2022년1월,1181815
81,3,330,교대(3),2022년1월,215988
82,3,331,남부터미널,2022년1월,756252
83,3,332,양재,2022년1월,1009461
84,3,333,매봉,2022년1월,290192
85,3,334,도곡,2022년1월,133829
86,3,335,대치,2022년1월,298642
87,3,336,학여울,2022년1월,48960
88,3,337,대청,2022년1월,231441
89,3,338,일원,2022년1월,235542
90,3,339,수서,2022년1월,455512
91,3,340,가락시장(3),2022년1월,224663
92,3,341,경찰병원,2022년1월,182696
93,3,342,오금(3),2022년1월,139179
94,4,409,당고개,2022년1월,306225
95,4,410,상계,2022년1월,455333
96,4,411,노원(4),2022년1월,552401
97,4,412,창동,2022년1월,705283
98,4,413,쌍문,2022년1월,689609
99,4,414,수유,2022년1월,872885
100,4,415,미아,2022년1월,361243
101,4,416,미아사거리,2022년1월,688805
102,4,417,길음,2022년1월,498395
103,4,418,성신여대입구,2022년1월,501104
104,4,419,한성대입구,2022년1월,324955
105,4,420,혜화,2022년1월,853710
106,4,421,동대문(4),2022년1월,467288
107,4,422,동대문역사문화공원(4),2022년1월,347051
108,4,423,충무로(4),2022년1월,616151
109,4,424,명동,2022년1월,485661
110,4,425,회현,2022년1월,620848
111,4,426,서울역(4),2022년1월,418726
112,4,427,숙대입구,2022년1월,309018
113,4,428,삼각지(4),2022년1월,140896
114,4,429,신용산,2022년1월,434689
115,4,430,이촌,2022년1월,216938
116,4,431,동작,2022년1월,56311
117,4,432,이수(총신대입구),2022년1월,525128
118,4,433,사당(4),2022년1월,543708
119,4,434,남태령,2022년1월,26136
120,5,2511,방화,2022년1월,164770
121,5,2512,개화산,2022년1월,136797
122,5,2513,김포공항(5),2022년1월,213699
123,5,2514,송정,2022년1월,160854
124,5,2515,마곡,2022년1월,259550
125,5,2516,발산,2022년1월,515061
126,5,2517,우장산,2022년1월,359430
127,5,2518,화곡,2022년1월,676917
128,5,2519,까치산(5),2022년1월,718858
129,5,2520,신정,2022년1월,288096
130,5,2521,목동,2022년1월,453101
131,5,2522,오목교,2022년1월,597351
132,5,2523,양평(5),2022년1월,185417
133,5,2524,영등포구청(5),2022년1월,102469
134,5,2525,영등포시장,2022년1월,269277
135,5,2526,신길(5),2022년1월,112251
136,5,2527,여의도(5),2022년1월,700945
137,5,2528,여의나루,2022년1월,252209
138,5,2529,마포,2022년1월,356675
139,5,2530,공덕(5),2022년1월,349980
140,5,2531,애오개,2022년1월,166152
141,5,2532,충정로(5),2022년1월,112256
142,5,2533,서대문,2022년1월,442101
143,5,2534,광화문,2022년1월,727329
144,5,2535,종로3가(5),2022년1월,329627
145,5,2536,을지로4가(5),2022년1월,148631
146,5,2537,동대문역사문화공원(5),2022년1월,81909
147,5,2538,청구(5),2022년1월,91799
148,5,2539,신금호,2022년1월,164434
149,5,2540,행당,2022년1월,185146
150,5,2541,왕십리(5),2022년1월,137199
151,5,2542,마장,2022년1월,142024
152,5,2543,답십리,2022년1월,389303
153,5,2544,장한평,2022년1월,465681
154,5,2545,군자(5),2022년1월,319219
155,5,2546,아차산,2022년1월,373954
156,5,2547,광나루,2022년1월,309642
157,5,2548,천호(5),2022년1월,479514
158,5,2549,강동,2022년1월,453658
159,5,2550,길동,2022년1월,220002
160,5,2551,굽은다리,2022년1월,236168
161,5,2552,명일,2022년1월,228358
162,5,2553,고덕,2022년1월,236401
163,5,2554,상일동,2022년1월,358965
164,5,2555,둔촌동,2022년1월,223167
165,5,2556,올림픽공원(5),2022년1월,92674
166,5,2557,방이,2022년1월,190890
167,5,2558,오금(5),2022년1월,90348
168,5,2559,개롱,2022년1월,168210
169,5,2560,거여,2022년1월,220320
170,5,2561,마천,2022년1월,175071
171,5,2562,강일,2022년1월,97714
172,5,2563,미사,2022년1월,413435
173,5,2564,하남풍산,2022년1월,108695
174,5,2565,하남시청,2022년1월,165135
175,5,2566,하남검단산,2022년1월,149121
176,6,2611,응암,2022년1월,449325
177,6,2612,역촌,2022년1월,114780
178,6,2613,불광(6),2022년1월,109201
179,6,2614,독바위,2022년1월,75841
180,6,2616,구산,2022년1월,146016
181,6,2617,새절,2022년1월,301603
182,6,2618,증산,2022년1월,259603
183,6,2619,디지털미디어시티(6),2022년1월,363111
184,6,2620,월드컵경기장,2022년1월,110714
185,6,2621,마포구청,2022년1월,330193
186,6,2622,망원,2022년1월,415890
187,6,2623,합정(6),2022년1월,336297
188,6,2624,상수,2022년1월,253595
189,6,2625,광흥창,2022년1월,216780
190,6,2626,대흥,2022년1월,203063
191,6,2627,공덕(6),2022년1월,425653
192,6,2628,효창공원앞,2022년1월,157622
193,6,2629,삼각지(6),2022년1월,141142
194,6,2630,녹사평,2022년1월,126877
195,6,2631,이태원,2022년1월,279597
196,6,2632,한강진,2022년1월,274220
197,6,2633,버티고개,2022년1월,53540
198,6,2634,약수(6),2022년1월,90573
199,6,2635,청구(6),2022년1월,97280
200,6,2636,신당(6),2022년1월,214462
201,6,2637,동묘앞(6),2022년1월,211482
202,6,2638,창신,2022년1월,71440
203,6,2639,보문,2022년1월,169333
204,6,2640,안암,2022년1월,240127
205,6,2641,고려대,2022년1월,185201
206,6,2642,월곡,2022년1월,285837
207,6,2643,상월곡,2022년1월,140368
208,6,2644,돌곶이,2022년1월,222534
209,6,2645,석계(6),2022년1월,319028
210,6,2646,태릉입구(6),2022년1월,151593
211,6,2647,화랑대,2022년1월,228347
212,6,2648,봉화산,2022년1월,213604
213,7,2711,장암,2022년1월,24687
214,7,2712,도봉산(7),2022년1월,272831
215,7,2713,수락산,2022년1월,323034
216,7,2714,마들,2022년1월,312041
217,7,2715,노원(7),2022년1월,531219
218,7,2716,중계,2022년1월,321010
219,7,2717,하계,2022년1월,418172
220,7,2718,공릉,2022년1월,296534
221,7,2719,태릉입구(7),2022년1월,204138
222,7,2720,먹골,2022년1월,258366
223,7,2721,중화,2022년1월,270544
224,7,2722,상봉(7),2022년1월,415846
225,7,2723,면목,2022년1월,385088
226,7,2724,사가정,2022년1월,412663
227,7,2725,용마산,2022년1월,154214
228,7,2726,중곡,2022년1월,258588
229,7,2727,군자(7),2022년1월,309574
230,7,2728,어린이대공원,2022년1월,309880
231,7,2729,건대입구(7),2022년1월,341520
232,7,2730,뚝섬유원지,2022년1월,186658
233,7,2731,청담,2022년1월,516752
234,7,2732,강남구청,2022년1월,437211
235,7,2733,학동,2022년1월,605100
236,7,2734,논현,2022년1월,536648
237,7,2735,반포,2022년1월,141710
238,7,2736,고속터미널(7),2022년1월,351333
239,7,2737,내방,2022년1월,363854
240,7,2738,이수(7),2022년1월,393371
241,7,2739,남성,2022년1월,261691
242,7,2740,숭실대입구,2022년1월,298333
243,7,2741,상도,2022년1월,261811
244,7,2742,장승배기,2022년1월,228831
245,7,2743,신대방삼거리,2022년1월,405160
246,7,2744,보라매,2022년1월,240301
247,7,2745,신풍,2022년1월,284990
248,7,2746,대림(7),2022년1월,226286
249,7,2747,남구로,2022년1월,411168
250,7,2748,가산디지털단지(7),2022년1월,1047650
251,7,2749,철산,2022년1월,546684
252,7,2750,광명사거리,2022년1월,576190
253,7,2751,천왕,2022년1월,270701
254,7,2752,온수(7),2022년1월,231840
255,8,2811,암사,2022년1월,433625
256,8,2812,천호(8),2022년1월,453026
257,8,2813,강동구청,2022년1월,274227
258,8,2814,몽촌토성,2022년1월,158033
259,8,2815,잠실(8),2022년1월,454381
260,8,2816,석촌(8),2022년1월,237439
261,8,2817,송파,2022년1월,192614
262,8,2818,가락시장(8),2022년1월,222530
263,8,2819,문정,2022년1월,544591
264,8,2820,장지,2022년1월,428675
265,8,2821,복정(8),2022년1월,202364
266,8,2822,산성,2022년1월,137519
267,8,2823,남한산성입구,2022년1월,312081
268,8,2824,단대오거리,2022년1월,262600
269,8,2825,신흥,2022년1월,121922
270,8,2826,수진,2022년1월,127612
271,8,2827,모란(8),2022년1월,99865
272,8,2828,남위례,2022년1월,104846
273,9,4126,언주,2022년1월,45872
274,9,4127,선정릉,2022년1월,40652
275,9,4128,삼성중앙,2022년1월,30963
276,9,4129,봉은사,2022년1월,74610
277,9,4130,종합운동장(9),2022년1월,16683
278,9,4131,삼전,2022년1월,42627
279,9,4132,석촌고분,2022년1월,34831
280,9,4133,석촌(9),2022년1월,43540
281,9,4134,송파나루,2022년1월,37979
282,9,4135,한성백제,2022년1월,19822
283,9,4136,올림픽공원(9),2022년1월,34406
284,9,4137,둔촌오륜,2022년1월,8098
285,9,4138,중앙보훈병원,2022년1월,48370
286,1,150,서울역(1),2022년2월,860796
287,1,151,시청(1),2022년2월,440144
288,1,152,종각,2022년2월,656218
289,1,153,종로3가(1),2022년2월,510518
290,1,154,종로5가,2022년2월,471706
291,1,155,동대문(1),2022년2월,238236
292,1,156,신설동(1),2022년2월,295113
293,1,157,제기동,2022년2월,372954
294,1,158,청량리,2022년2월,441801
295,1,159,동묘앞(1),2022년2월,215082
296,2,201,시청(2),2022년2월,430487
297,2,202,을지로입구,2022년2월,777615
298,2,203,을지로3가(2),2022년2월,429759
299,2,204,을지로4가(2),2022년2월,255759
300,2,205,동대문역사문화공원(2),2022년2월,301202
301,2,206,신당(2),2022년2월,320347
302,2,207,상왕십리,2022년2월,301970
303,2,208,왕십리(2),2022년2월,297295
304,2,209,한양대,2022년2월,154756
305,2,210,뚝섬,2022년2월,490712
306,2,211,성수,2022년2월,838423
307,2,212,건대입구(2),2022년2월,851104
308,2,213,구의,2022년2월,514018
309,2,214,강변,2022년2월,638923
310,2,215,잠실나루,2022년2월,285017
311,2,216,잠실(2),2022년2월,1477610
312,2,217,잠실새내,2022년2월,464873
313,2,218,종합운동장(2),2022년2월,173400
314,2,219,삼성,2022년2월,1059088
315,2,220,선릉,2022년2월,975950
316,2,221,역삼,2022년2월,1120207
317,2,222,강남,2022년2월,1776051
318,2,223,교대(2),2022년2월,762388
319,2,224,서초,2022년2월,424874
320,2,225,방배,2022년2월,350208
321,2,226,사당(2),2022년2월,874715
322,2,227,낙성대,2022년2월,586050
323,2,228,서울대입구,2022년2월,1040368
324,2,229,봉천,2022년2월,494273
325,2,230,신림,2022년2월,1400344
326,2,231,신대방,2022년2월,577219
327,2,232,구로디지털단지,2022년2월,1234711
328,2,233,대림(2),2022년2월,543741
329,2,234,신도림,2022년2월,1040056
330,2,235,문래,2022년2월,449118
331,2,236,영등포구청(2),2022년2월,489372
332,2,237,당산,2022년2월,440238
333,2,238,합정(2),2022년2월,725253
334,2,239,홍대입구,2022년2월,1334659
335,2,240,신촌,2022년2월,745080
336,2,241,이대,2022년2월,295673
337,2,242,아현,2022년2월,212103
338,2,243,충정로(2),2022년2월,218550
339,2,244,용답,2022년2월,64776
340,2,245,신답,2022년2월,40695
341,2,246,신설동(2),2022년2월,86099
342,2,247,도림천,2022년2월,30681
343,2,248,양천구청,2022년2월,154105
344,2,249,신정네거리,2022년2월,229866
345,2,250,용두,2022년2월,53777
346,3,309,지축,2022년2월,93849
347,3,310,구파발,2022년2월,430677
348,3,311,연신내(3),2022년2월,776006
349,3,312,불광(3),2022년2월,390920
350,3,313,녹번,2022년2월,299983
351,3,314,홍제,2022년2월,364734
352,3,315,무악재,2022년2월,87910
353,3,316,독립문,2022년2월,159347
354,3,317,경복궁,2022년2월,422049
355,3,318,안국,2022년2월,431055
356,3,319,종로3가(3),2022년2월,250303
357,3,320,을지로3가(3),2022년2월,209178
358,3,322,동대입구,2022년2월,181003
359,3,323,약수(3),2022년2월,270419
360,3,324,금호,2022년2월,167206
361,3,325,옥수,2022년2월,204488
362,3,326,압구정,2022년2월,744003
363,3,327,신사,2022년2월,716252
364,3,328,잠원,2022년2월,99607
365,3,329,고속터미널(3),2022년2월,930741
366,3,330,교대(3),2022년2월,181697
367,3,331,남부터미널,2022년2월,631554
368,3,332,양재,2022년2월,846593
369,3,333,매봉,2022년2월,242407
370,3,334,도곡,2022년2월,114211
371,3,335,대치,2022년2월,250275
372,3,336,학여울,2022년2월,50901
373,3,337,대청,2022년2월,198555
374,3,338,일원,2022년2월,201849
375,3,339,수서,2022년2월,384416
376,3,340,가락시장(3),2022년2월,182340
377,3,341,경찰병원,2022년2월,153691
378,3,342,오금(3),2022년2월,119355
379,4,409,당고개,2022년2월,265551
380,4,410,상계,2022년2월,389833
381,4,411,노원(4),2022년2월,470285
382,4,412,창동,2022년2월,603989
383,4,413,쌍문,2022년2월,594031
384,4,414,수유,2022년2월,757705
385,4,415,미아,2022년2월,317296
386,4,416,미아사거리,2022년2월,592058
387,4,417,길음,2022년2월,427937
388,4,418,성신여대입구,2022년2월,430148
389,4,419,한성대입구,2022년2월,284339
390,4,420,혜화,2022년2월,715934
391,4,421,동대문(4),2022년2월,400956
392,4,422,동대문역사문화공원(4),2022년2월,292139
393,4,423,충무로(4),2022년2월,531067
394,4,424,명동,2022년2월,388747
395,4,425,회현,2022년2월,498483
396,4,426,서울역(4),2022년2월,338008
397,4,427,숙대입구,2022년2월,267117
398,4,428,삼각지(4),2022년2월,118690
399,4,429,신용산,2022년2월,353407
400,4,430,이촌,2022년2월,183300
401,4,431,동작,2022년2월,52087
402,4,432,이수(총신대입구),2022년2월,444404
403,4,433,사당(4),2022년2월,460391
404,4,434,남태령,2022년2월,22225
405,5,2511,방화,2022년2월,140197
406,5,2512,개화산,2022년2월,119563
407,5,2513,김포공항(5),2022년2월,182769
408,5,2514,송정,2022년2월,140896
409,5,2515,마곡,2022년2월,221023
410,5,2516,발산,2022년2월,440514
411,5,2517,우장산,2022년2월,305561
412,5,2518,화곡,2022년2월,585694
413,5,2519,까치산(5),2022년2월,623687
414,5,2520,신정,2022년2월,250824
415,5,2521,목동,2022년2월,385215
416,5,2522,오목교,2022년2월,503517
417,5,2523,양평(5),2022년2월,155814
418,5,2524,영등포구청(5),2022년2월,87362
419,5,2525,영등포시장,2022년2월,232020
420,5,2526,신길(5),2022년2월,97421
421,5,2527,여의도(5),2022년2월,578047
422,5,2528,여의나루,2022년2월,218948
423,5,2529,마포,2022년2월,300274
424,5,2530,공덕(5),2022년2월,290163
425,5,2531,애오개,2022년2월,142743
426,5,2532,충정로(5),2022년2월,94907
427,5,2533,서대문,2022년2월,365114
428,5,2534,광화문,2022년2월,592635
429,5,2535,종로3가(5),2022년2월,273149
430,5,2536,을지로4가(5),2022년2월,122185
431,5,2537,동대문역사문화공원(5),2022년2월,65793
432,5,2538,청구(5),2022년2월,79445
433,5,2539,신금호,2022년2월,143337
434,5,2540,행당,2022년2월,157635
435,5,2541,왕십리(5),2022년2월,116290
436,5,2542,마장,2022년2월,113136
437,5,2543,답십리,2022년2월,333161
438,5,2544,장한평,2022년2월,401137
439,5,2545,군자(5),2022년2월,273182
440,5,2546,아차산,2022년2월,322995
441,5,2547,광나루,2022년2월,265332
442,5,2548,천호(5),2022년2월,405858
443,5,2549,강동,2022년2월,392341
444,5,2550,길동,2022년2월,186998
445,5,2551,굽은다리,2022년2월,200707
446,5,2552,명일,2022년2월,194390
447,5,2553,고덕,2022년2월,201021
448,5,2554,상일동,2022년2월,300631
449,5,2555,둔촌동,2022년2월,190787
450,5,2556,올림픽공원(5),2022년2월,77513
451,5,2557,방이,2022년2월,161264
452,5,2558,오금(5),2022년2월,76027
453,5,2559,개롱,2022년2월,144811
454,5,2560,거여,2022년2월,193790
455,5,2561,마천,2022년2월,151982
456,5,2562,강일,2022년2월,84370
457,5,2563,미사,2022년2월,349904
458,5,2564,하남풍산,2022년2월,91285
459,5,2565,하남시청,2022년2월,142662
460,5,2566,하남검단산,2022년2월,127954
461,6,2611,응암,2022년2월,388101
462,6,2612,역촌,2022년2월,101441
463,6,2613,불광(6),2022년2월,94213
464,6,2614,독바위,2022년2월,64932
465,6,2616,구산,2022년2월,127746
466,6,2617,새절,2022년2월,260179
467,6,2618,증산,2022년2월,223567
468,6,2619,디지털미디어시티(6),2022년2월,306134
469,6,2620,월드컵경기장,2022년2월,97998
470,6,2621,마포구청,2022년2월,286314
471,6,2622,망원,2022년2월,346966
472,6,2623,합정(6),2022년2월,284537
473,6,2624,상수,2022년2월,216936
474,6,2625,광흥창,2022년2월,184453
475,6,2626,대흥,2022년2월,177080
476,6,2627,공덕(6),2022년2월,360597
477,6,2628,효창공원앞,2022년2월,136004
478,6,2629,삼각지(6),2022년2월,116391
479,6,2630,녹사평,2022년2월,106976
480,6,2631,이태원,2022년2월,237266
481,6,2632,한강진,2022년2월,217268
482,6,2633,버티고개,2022년2월,45805
483,6,2634,약수(6),2022년2월,77734
484,6,2635,청구(6),2022년2월,85542
485,6,2636,신당(6),2022년2월,184286
486,6,2637,동묘앞(6),2022년2월,184831
487,6,2638,창신,2022년2월,60016
488,6,2639,보문,2022년2월,149617
489,6,2640,안암,2022년2월,215127
490,6,2641,고려대,2022년2월,168651
491,6,2642,월곡,2022년2월,245476
492,6,2643,상월곡,2022년2월,120788
493,6,2644,돌곶이,2022년2월,192072
494,6,2645,석계(6),2022년2월,277135
495,6,2646,태릉입구(6),2022년2월,130673
496,6,2647,화랑대,2022년2월,197476
497,6,2648,봉화산,2022년2월,182130
498,7,2711,장암,2022년2월,21504
499,7,2712,도봉산(7),2022년2월,235932
500,7,2713,수락산,2022년2월,277991
501,7,2714,마들,2022년2월,269204
502,7,2715,노원(7),2022년2월,455431
503,7,2716,중계,2022년2월,276007
504,7,2717,하계,2022년2월,357550
505,7,2718,공릉,2022년2월,263981
506,7,2719,태릉입구(7),2022년2월,178146
507,7,2720,먹골,2022년2월,225006
508,7,2721,중화,2022년2월,235011
509,7,2722,상봉(7),2022년2월,353711
510,7,2723,면목,2022년2월,333616
511,7,2724,사가정,2022년2월,357308
512,7,2725,용마산,2022년2월,133573
513,7,2726,중곡,2022년2월,223959
514,7,2727,군자(7),2022년2월,268301
515,7,2728,어린이대공원,2022년2월,277433
516,7,2729,건대입구(7),2022년2월,286218
517,7,2730,뚝섬유원지,2022년2월,164320
518,7,2731,청담,2022년2월,442304
519,7,2732,강남구청,2022년2월,375360
520,7,2733,학동,2022년2월,511361
521,7,2734,논현,2022년2월,454229
522,7,2735,반포,2022년2월,120684
523,7,2736,고속터미널(7),2022년2월,288628
524,7,2737,내방,2022년2월,308945
525,7,2738,이수(7),2022년2월,336092
526,7,2739,남성,2022년2월,227842
527,7,2740,숭실대입구,2022년2월,257721
528,7,2741,상도,2022년2월,224353
529,7,2742,장승배기,2022년2월,199409
530,7,2743,신대방삼거리,2022년2월,350300
531,7,2744,보라매,2022년2월,206285
532,7,2745,신풍,2022년2월,245519
533,7,2746,대림(7),2022년2월,184911
534,7,2747,남구로,2022년2월,350956
535,7,2748,가산디지털단지(7),2022년2월,878386
536,7,2749,철산,2022년2월,457858
537,7,2750,광명사거리,2022년2월,484584
538,7,2751,천왕,2022년2월,229551
539,7,2752,온수(7),2022년2월,199122
540,8,2811,암사,2022년2월,367140
541,8,2812,천호(8),2022년2월,383927
542,8,2813,강동구청,2022년2월,232965
543,8,2814,몽촌토성,2022년2월,134081
544,8,2815,잠실(8),2022년2월,370861
545,8,2816,석촌(8),2022년2월,200861
546,8,2817,송파,2022년2월,164651
547,8,2818,가락시장(8),2022년2월,179229
548,8,2819,문정,2022년2월,458992
549,8,2820,장지,2022년2월,361713
550,8,2821,복정(8),2022년2월,172456
551,8,2822,산성,2022년2월,116044
552,8,2823,남한산성입구,2022년2월,267959
553,8,2824,단대오거리,2022년2월,225369
554,8,2825,신흥,2022년2월,105592
555,8,2826,수진,2022년2월,110245
556,8,2827,모란(8),2022년2월,83701
557,8,2828,남위례,2022년2월,95066
558,9,4126,언주,2022년2월,38833
559,9,4127,선정릉,2022년2월,34655
560,9,4128,삼성중앙,2022년2월,26940
561,9,4129,봉은사,2022년2월,63552
562,9,4130,종합운동장(9),2022년2월,14534
563,9,4131,삼전,2022년2월,37848
564,9,4132,석촌고분,2022년2월,30717
565,9,4133,석촌(9),2022년2월,38256
566,9,4134,송파나루,2022년2월,33290
567,9,4135,한성백제,2022년2월,17351
568,9,4136,올림픽공원(9),2022년2월,28893
569,9,4137,둔촌오륜,2022년2월,7458
570,9,4138,중앙보훈병원,2022년2월,42486
571,1,150,서울역(1),2022년3월,954476
572,1,151,시청(1),2022년3월,506303
573,1,152,종각,2022년3월,736862
574,1,153,종로3가(1),2022년3월,568693
575,1,154,종로5가,2022년3월,546946
576,1,155,동대문(1),2022년3월,274331
577,1,156,신설동(1),2022년3월,336238
578,1,157,제기동,2022년3월,442927
579,1,158,청량리,2022년3월,511722
580,1,159,동묘앞(1),2022년3월,252935
581,2,201,시청(2),2022년3월,477591
582,2,202,을지로입구,2022년3월,878261
583,2,203,을지로3가(2),2022년3월,486250
584,2,204,을지로4가(2),2022년3월,296395
585,2,205,동대문역사문화공원(2),2022년3월,363742
586,2,206,신당(2),2022년3월,358846
587,2,207,상왕십리,2022년3월,338194
588,2,208,왕십리(2),2022년3월,348240
589,2,209,한양대,2022년3월,364526
590,2,210,뚝섬,2022년3월,551470
591,2,211,성수,2022년3월,946293
592,2,212,건대입구(2),2022년3월,985481
593,2,213,구의,2022년3월,574046
594,2,214,강변,2022년3월,699213
595,2,215,잠실나루,2022년3월,321446
596,2,216,잠실(2),2022년3월,1612184
597,2,217,잠실새내,2022년3월,516682
598,2,218,종합운동장(2),2022년3월,252564
599,2,219,삼성,2022년3월,1158528
600,2,220,선릉,2022년3월,1101877
601,2,221,역삼,2022년3월,1235894
602,2,222,강남,2022년3월,1927331
603,2,223,교대(2),2022년3월,864723
604,2,224,서초,2022년3월,473278
605,2,225,방배,2022년3월,459718
606,2,226,사당(2),2022년3월,991362
607,2,227,낙성대,2022년3월,671955
608,2,228,서울대입구,2022년3월,1194557
609,2,229,봉천,2022년3월,547911
610,2,230,신림,2022년3월,1555097
611,2,231,신대방,2022년3월,648224
612,2,232,구로디지털단지,2022년3월,1375610
613,2,233,대림(2),2022년3월,612935
614,2,234,신도림,2022년3월,1172064
615,2,235,문래,2022년3월,516426
616,2,236,영등포구청(2),2022년3월,547992
617,2,237,당산,2022년3월,512823
618,2,238,합정(2),2022년3월,814320
619,2,239,홍대입구,2022년3월,1499018
620,2,240,신촌,2022년3월,849484
621,2,241,이대,2022년3월,367979
622,2,242,아현,2022년3월,249071
623,2,243,충정로(2),2022년3월,246686
624,2,244,용답,2022년3월,91807
625,2,245,신답,2022년3월,46071
626,2,246,신설동(2),2022년3월,95249
627,2,247,도림천,2022년3월,35946
628,2,248,양천구청,2022년3월,172505
629,2,249,신정네거리,2022년3월,258055
630,2,250,용두,2022년3월,61927
631,3,309,지축,2022년3월,111533
632,3,310,구파발,2022년3월,491319
633,3,311,연신내(3),2022년3월,876936
634,3,312,불광(3),2022년3월,439137
635,3,313,녹번,2022년3월,342684
636,3,314,홍제,2022년3월,418558
637,3,315,무악재,2022년3월,98364
638,3,316,독립문,2022년3월,186935
639,3,317,경복궁,2022년3월,499359
640,3,318,안국,2022년3월,504806
641,3,319,종로3가(3),2022년3월,276931
642,3,320,을지로3가(3),2022년3월,234648
643,3,322,동대입구,2022년3월,232599
644,3,323,약수(3),2022년3월,308905
645,3,324,금호,2022년3월,184126
646,3,325,옥수,2022년3월,229228
647,3,326,압구정,2022년3월,798880
648,3,327,신사,2022년3월,778056
649,3,328,잠원,2022년3월,113107
650,3,329,고속터미널(3),2022년3월,1007250
651,3,330,교대(3),2022년3월,209512
652,3,331,남부터미널,2022년3월,695395
653,3,332,양재,2022년3월,948860
654,3,333,매봉,2022년3월,266997
655,3,334,도곡,2022년3월,129258
656,3,335,대치,2022년3월,271810
657,3,336,학여울,2022년3월,66051
658,3,337,대청,2022년3월,222857
659,3,338,일원,2022년3월,229971
660,3,339,수서,2022년3월,428944
661,3,340,가락시장(3),2022년3월,208922
662,3,341,경찰병원,2022년3월,170011
663,3,342,오금(3),2022년3월,135008
664,4,409,당고개,2022년3월,273822
665,4,410,상계,2022년3월,448361
666,4,411,노원(4),2022년3월,537473
667,4,412,창동,2022년3월,686912
668,4,413,쌍문,2022년3월,671116
669,4,414,수유,2022년3월,858304
670,4,415,미아,2022년3월,373239
671,4,416,미아사거리,2022년3월,669348
672,4,417,길음,2022년3월,504545
673,4,418,성신여대입구,2022년3월,510742
674,4,419,한성대입구,2022년3월,339013
675,4,420,혜화,2022년3월,810776
676,4,421,동대문(4),2022년3월,484222
677,4,422,동대문역사문화공원(4),2022년3월,339455
678,4,423,충무로(4),2022년3월,659434
679,4,424,명동,2022년3월,472688
680,4,425,회현,2022년3월,594116
681,4,426,서울역(4),2022년3월,367739
682,4,427,숙대입구,2022년3월,332737
683,4,428,삼각지(4),2022년3월,135989
684,4,429,신용산,2022년3월,390322
685,4,430,이촌,2022년3월,196959
686,4,431,동작,2022년3월,63238
687,4,432,이수(총신대입구),2022년3월,504334
688,4,433,사당(4),2022년3월,527067
689,4,434,남태령,2022년3월,25453
690,5,2511,방화,2022년3월,159279
691,5,2512,개화산,2022년3월,134864
692,5,2513,김포공항(5),2022년3월,185558
693,5,2514,송정,2022년3월,157113
694,5,2515,마곡,2022년3월,249558
695,5,2516,발산,2022년3월,505203
696,5,2517,우장산,2022년3월,351173
697,5,2518,화곡,2022년3월,659921
698,5,2519,까치산(5),2022년3월,693978
699,5,2520,신정,2022년3월,280372
700,5,2521,목동,2022년3월,430177
701,5,2522,오목교,2022년3월,554037
702,5,2523,양평(5),2022년3월,173370
703,5,2524,영등포구청(5),2022년3월,99953
704,5,2525,영등포시장,2022년3월,256566
705,5,2526,신길(5),2022년3월,108035
706,5,2527,여의도(5),2022년3월,653276
707,5,2528,여의나루,2022년3월,297448
708,5,2529,마포,2022년3월,335660
709,5,2530,공덕(5),2022년3월,329740
710,5,2531,애오개,2022년3월,159740
711,5,2532,충정로(5),2022년3월,108344
712,5,2533,서대문,2022년3월,423634
713,5,2534,광화문,2022년3월,691076
714,5,2535,종로3가(5),2022년3월,307657
715,5,2536,을지로4가(5),2022년3월,142773
716,5,2537,동대문역사문화공원(5),2022년3월,74475
717,5,2538,청구(5),2022년3월,89569
718,5,2539,신금호,2022년3월,163349
719,5,2540,행당,2022년3월,175787
720,5,2541,왕십리(5),2022년3월,131953
721,5,2542,마장,2022년3월,134574
722,5,2543,답십리,2022년3월,374191
723,5,2544,장한평,2022년3월,445816
724,5,2545,군자(5),2022년3월,310777
725,5,2546,아차산,2022년3월,380326
726,5,2547,광나루,2022년3월,304629
727,5,2548,천호(5),2022년3월,453330
728,5,2549,강동,2022년3월,443050
729,5,2550,길동,2022년3월,209164
730,5,2551,굽은다리,2022년3월,223802
731,5,2552,명일,2022년3월,219074
732,5,2553,고덕,2022년3월,231396
733,5,2554,상일동,2022년3월,336579
734,5,2555,둔촌동,2022년3월,213191
735,5,2556,올림픽공원(5),2022년3월,91976
736,5,2557,방이,2022년3월,179946
737,5,2558,오금(5),2022년3월,89782
738,5,2559,개롱,2022년3월,162627
739,5,2560,거여,2022년3월,234184
740,5,2561,마천,2022년3월,174115
741,5,2562,강일,2022년3월,95632
742,5,2563,미사,2022년3월,395591
743,5,2564,하남풍산,2022년3월,104601
744,5,2565,하남시청,2022년3월,166229
745,5,2566,하남검단산,2022년3월,143882
746,6,2611,응암,2022년3월,434447
747,6,2612,역촌,2022년3월,110901
748,6,2613,불광(6),2022년3월,106360
749,6,2614,독바위,2022년3월,74374
750,6,2616,구산,2022년3월,143508
751,6,2617,새절,2022년3월,300124
752,6,2618,증산,2022년3월,252455
753,6,2619,디지털미디어시티(6),2022년3월,347568
754,6,2620,월드컵경기장,2022년3월,155803
755,6,2621,마포구청,2022년3월,317927
756,6,2622,망원,2022년3월,382548
757,6,2623,합정(6),2022년3월,327094
758,6,2624,상수,2022년3월,255935
759,6,2625,광흥창,2022년3월,209518
760,6,2626,대흥,2022년3월,212742
761,6,2627,공덕(6),2022년3월,404962
762,6,2628,효창공원앞,2022년3월,161710
763,6,2629,삼각지(6),2022년3월,135602
764,6,2630,녹사평,2022년3월,125318
765,6,2631,이태원,2022년3월,283203
766,6,2632,한강진,2022년3월,238848
767,6,2633,버티고개,2022년3월,51767
768,6,2634,약수(6),2022년3월,87562
769,6,2635,청구(6),2022년3월,97583
770,6,2636,신당(6),2022년3월,205291
771,6,2637,동묘앞(6),2022년3월,208491
772,6,2638,창신,2022년3월,74105
773,6,2639,보문,2022년3월,171004
774,6,2640,안암,2022년3월,315363
775,6,2641,고려대,2022년3월,201383
776,6,2642,월곡,2022년3월,293152
777,6,2643,상월곡,2022년3월,143725
778,6,2644,돌곶이,2022년3월,221041
779,6,2645,석계(6),2022년3월,325060
780,6,2646,태릉입구(6),2022년3월,153746
781,6,2647,화랑대,2022년3월,232800
782,6,2648,봉화산,2022년3월,205228
783,7,2711,장암,2022년3월,24646
784,7,2712,도봉산(7),2022년3월,278870
785,7,2713,수락산,2022년3월,313746
786,7,2714,마들,2022년3월,302452
787,7,2715,노원(7),2022년3월,509877
788,7,2716,중계,2022년3월,326633
789,7,2717,하계,2022년3월,415355
790,7,2718,공릉,2022년3월,315539
791,7,2719,태릉입구(7),2022년3월,208478
792,7,2720,먹골,2022년3월,251746
793,7,2721,중화,2022년3월,264785
794,7,2722,상봉(7),2022년3월,393276
795,7,2723,면목,2022년3월,395907
796,7,2724,사가정,2022년3월,406181
797,7,2725,용마산,2022년3월,150219
798,7,2726,중곡,2022년3월,254342
799,7,2727,군자(7),2022년3월,297356
800,7,2728,어린이대공원,2022년3월,366701
801,7,2729,건대입구(7),2022년3월,341006
802,7,2730,뚝섬유원지,2022년3월,213114
803,7,2731,청담,2022년3월,501266
804,7,2732,강남구청,2022년3월,417027
805,7,2733,학동,2022년3월,578645
806,7,2734,논현,2022년3월,503883
807,7,2735,반포,2022년3월,138055
808,7,2736,고속터미널(7),2022년3월,316603
809,7,2737,내방,2022년3월,350523
810,7,2738,이수(7),2022년3월,374326
811,7,2739,남성,2022년3월,255076
812,7,2740,숭실대입구,2022년3월,358413
813,7,2741,상도,2022년3월,271359
814,7,2742,장승배기,2022년3월,220270
815,7,2743,신대방삼거리,2022년3월,397823
816,7,2744,보라매,2022년3월,239033
817,7,2745,신풍,2022년3월,279370
818,7,2746,대림(7),2022년3월,204350
819,7,2747,남구로,2022년3월,389436
820,7,2748,가산디지털단지(7),2022년3월,988191
821,7,2749,철산,2022년3월,515443
822,7,2750,광명사거리,2022년3월,548664
823,7,2751,천왕,2022년3월,262211
824,7,2752,온수(7),2022년3월,236897
825,8,2811,암사,2022년3월,409707
826,8,2812,천호(8),2022년3월,424655
827,8,2813,강동구청,2022년3월,258120
828,8,2814,몽촌토성,2022년3월,150494
829,8,2815,잠실(8),2022년3월,398257
830,8,2816,석촌(8),2022년3월,222016
831,8,2817,송파,2022년3월,186972
832,8,2818,가락시장(8),2022년3월,206397
833,8,2819,문정,2022년3월,517879
834,8,2820,장지,2022년3월,410109
835,8,2821,복정(8),2022년3월,203015
836,8,2822,산성,2022년3월,135022
837,8,2823,남한산성입구,2022년3월,336936
838,8,2824,단대오거리,2022년3월,264436
839,8,2825,신흥,2022년3월,114372
840,8,2826,수진,2022년3월,125462
841,8,2827,모란(8),2022년3월,99398
842,8,2828,남위례,2022년3월,117364
843,9,4126,언주,2022년3월,43037
844,9,4127,선정릉,2022년3월,38599
845,9,4128,삼성중앙,2022년3월,30305
846,9,4129,봉은사,2022년3월,68279
847,9,4130,종합운동장(9),2022년3월,16312
848,9,4131,삼전,2022년3월,41322
849,9,4132,석촌고분,2022년3월,33381
850,9,4133,석촌(9),2022년3월,42373
851,9,4134,송파나루,2022년3월,36964
852,9,4135,한성백제,2022년3월,18952
853,9,4136,올림픽공원(9),2022년3월,32515
854,9,4137,둔촌오륜,2022년3월,9678
855,9,4138,중앙보훈병원,2022년3월,49279
856,1,150,서울역(1),2022년4월,1154618
857,1,151,시청(1),2022년4월,584417
858,1,152,종각,2022년4월,843089
859,1,153,종로3가(1),2022년4월,648070
860,1,154,종로5가,2022년4월,618405
861,1,155,동대문(1),2022년4월,310264
862,1,156,신설동(1),2022년4월,367215
863,1,157,제기동,2022년4월,495137
864,1,158,청량리,2022년4월,562086
865,1,159,동묘앞(1),2022년4월,293582
866,2,201,시청(2),2022년4월,544967
867,2,202,을지로입구,2022년4월,998380
868,2,203,을지로3가(2),2022년4월,572628
869,2,204,을지로4가(2),2022년4월,329902
870,2,205,동대문역사문화공원(2),2022년4월,392191
871,2,206,신당(2),2022년4월,405707
872,2,207,상왕십리,2022년4월,367092
873,2,208,왕십리(2),2022년4월,381981
874,2,209,한양대,2022년4월,370373
875,2,210,뚝섬,2022년4월,660615
876,2,211,성수,2022년4월,1057808
877,2,212,건대입구(2),2022년4월,1126670
878,2,213,구의,2022년4월,618142
879,2,214,강변,2022년4월,813771
880,2,215,잠실나루,2022년4월,365618
881,2,216,잠실(2),2022년4월,2147958
882,2,217,잠실새내,2022년4월,591311
883,2,218,종합운동장(2),2022년4월,347397
884,2,219,삼성,2022년4월,1295112
885,2,220,선릉,2022년4월,1215548
886,2,221,역삼,2022년4월,1366691
887,2,222,강남,2022년4월,2166287
888,2,223,교대(2),2022년4월,962142
889,2,224,서초,2022년4월,526376
890,2,225,방배,2022년4월,501037
891,2,226,사당(2),2022년4월,1157894
892,2,227,낙성대,2022년4월,725856
893,2,228,서울대입구,2022년4월,1291861
894,2,229,봉천,2022년4월,589642
895,2,230,신림,2022년4월,1676852
896,2,231,신대방,2022년4월,716381
897,2,232,구로디지털단지,2022년4월,1498117
898,2,233,대림(2),2022년4월,670071
899,2,234,신도림,2022년4월,1325963
900,2,235,문래,2022년4월,582057
901,2,236,영등포구청(2),2022년4월,597721
902,2,237,당산,2022년4월,586443
903,2,238,합정(2),2022년4월,935736
904,2,239,홍대입구,2022년4월,1708557
905,2,240,신촌,2022년4월,925823
906,2,241,이대,2022년4월,393104
907,2,242,아현,2022년4월,270915
908,2,243,충정로(2),2022년4월,273609
909,2,244,용답,2022년4월,91235
910,2,245,신답,2022년4월,49780
911,2,246,신설동(2),2022년4월,102875
912,2,247,도림천,2022년4월,40913
913,2,248,양천구청,2022년4월,188784
914,2,249,신정네거리,2022년4월,285242
915,2,250,용두,2022년4월,65529
916,3,309,지축,2022년4월,127398
917,3,310,구파발,2022년4월,544535
918,3,311,연신내(3),2022년4월,954526
919,3,312,불광(3),2022년4월,481981
920,3,313,녹번,2022년4월,373964
921,3,314,홍제,2022년4월,463301
922,3,315,무악재,2022년4월,111016
923,3,316,독립문,2022년4월,214555
924,3,317,경복궁,2022년4월,619155
925,3,318,안국,2022년4월,631887
926,3,319,종로3가(3),2022년4월,309585
927,3,320,을지로3가(3),2022년4월,270966
928,3,322,동대입구,2022년4월,282204
929,3,323,약수(3),2022년4월,345394
930,3,324,금호,2022년4월,201832
931,3,325,옥수,2022년4월,258480
932,3,326,압구정,2022년4월,885287
933,3,327,신사,2022년4월,858245
934,3,328,잠원,2022년4월,130145
935,3,329,고속터미널(3),2022년4월,1212565
936,3,330,교대(3),2022년4월,239052
937,3,331,남부터미널,2022년4월,782158
938,3,332,양재,2022년4월,1060146
939,3,333,매봉,2022년4월,305074
940,3,334,도곡,2022년4월,148029
941,3,335,대치,2022년4월,289141
942,3,336,학여울,2022년4월,65325
943,3,337,대청,2022년4월,245259
944,3,338,일원,2022년4월,254727
945,3,339,수서,2022년4월,485421
946,3,340,가락시장(3),2022년4월,234819
947,3,341,경찰병원,2022년4월,186071
948,3,342,오금(3),2022년4월,152823
949,4,409,당고개,2022년4월,233488
950,4,410,상계,2022년4월,499540
951,4,411,노원(4),2022년4월,593214
952,4,412,창동,2022년4월,741260
953,4,413,쌍문,2022년4월,727802
954,4,414,수유,2022년4월,929966
955,4,415,미아,2022년4월,399121
956,4,416,미아사거리,2022년4월,730543
957,4,417,길음,2022년4월,559441
958,4,418,성신여대입구,2022년4월,549806
959,4,419,한성대입구,2022년4월,383471
960,4,420,혜화,2022년4월,919500
961,4,421,동대문(4),2022년4월,532250
962,4,422,동대문역사문화공원(4),2022년4월,360738
963,4,423,충무로(4),2022년4월,735022
964,4,424,명동,2022년4월,564751
965,4,425,회현,2022년4월,690317
966,4,426,서울역(4),2022년4월,458079
967,4,427,숙대입구,2022년4월,363091
968,4,428,삼각지(4),2022년4월,158552
969,4,429,신용산,2022년4월,442629
970,4,430,이촌,2022년4월,237455
971,4,431,동작,2022년4월,78893
972,4,432,이수(총신대입구),2022년4월,560998
973,4,433,사당(4),2022년4월,616375
974,4,434,남태령,2022년4월,28843
975,5,2511,방화,2022년4월,174593
976,5,2512,개화산,2022년4월,146545
977,5,2513,김포공항(5),2022년4월,212490
978,5,2514,송정,2022년4월,170332
979,5,2515,마곡,2022년4월,271597
980,5,2516,발산,2022년4월,560845
981,5,2517,우장산,2022년4월,385323
982,5,2518,화곡,2022년4월,713684
983,5,2519,까치산(5),2022년4월,745100
984,5,2520,신정,2022년4월,303801
985,5,2521,목동,2022년4월,471370
986,5,2522,오목교,2022년4월,614915
987,5,2523,양평(5),2022년4월,189322
988,5,2524,영등포구청(5),2022년4월,110029
989,5,2525,영등포시장,2022년4월,286248
990,5,2526,신길(5),2022년4월,117984
991,5,2527,여의도(5),2022년4월,776022
992,5,2528,여의나루,2022년4월,618458
993,5,2529,마포,2022년4월,377911
994,5,2530,공덕(5),2022년4월,379944
995,5,2531,애오개,2022년4월,176136
996,5,2532,충정로(5),2022년4월,121066
997,5,2533,서대문,2022년4월,480469
998,5,2534,광화문,2022년4월,786366
999,5,2535,종로3가(5),2022년4월,363989
1000,5,2536,을지로4가(5),2022년4월,161022
1001,5,2537,동대문역사문화공원(5),2022년4월,80472
1002,5,2538,청구(5),2022년4월,96458
1003,5,2539,신금호,2022년4월,179731
1004,5,2540,행당,2022년4월,191752
1005,5,2541,왕십리(5),2022년4월,147796
1006,5,2542,마장,2022년4월,146643
1007,5,2543,답십리,2022년4월,398383
1008,5,2544,장한평,2022년4월,482496
1009,5,2545,군자(5),2022년4월,338733
1010,5,2546,아차산,2022년4월,433924
1011,5,2547,광나루,2022년4월,344755
1012,5,2548,천호(5),2022년4월,505268
1013,5,2549,강동,2022년4월,481446
1014,5,2550,길동,2022년4월,222474
1015,5,2551,굽은다리,2022년4월,242052
1016,5,2552,명일,2022년4월,243273
1017,5,2553,고덕,2022년4월,252699
1018,5,2554,상일동,2022년4월,367779
1019,5,2555,둔촌동,2022년4월,227063
1020,5,2556,올림픽공원(5),2022년4월,109468
1021,5,2557,방이,2022년4월,195246
1022,5,2558,오금(5),2022년4월,99338
1023,5,2559,개롱,2022년4월,178368
1024,5,2560,거여,2022년4월,258439
1025,5,2561,마천,2022년4월,189600
1026,5,2562,강일,2022년4월,107700
1027,5,2563,미사,2022년4월,443312
1028,5,2564,하남풍산,2022년4월,113888
1029,5,2565,하남시청,2022년4월,184764
1030,5,2566,하남검단산,2022년4월,162483
1031,6,2611,응암,2022년4월,479953
1032,6,2612,역촌,2022년4월,116093
1033,6,2613,불광(6),2022년4월,119330
1034,6,2614,독바위,2022년4월,80857
1035,6,2616,구산,2022년4월,152926
1036,6,2617,새절,2022년4월,333465
1037,6,2618,증산,2022년4월,276521
1038,6,2619,디지털미디어시티(6),2022년4월,387181
1039,6,2620,월드컵경기장,2022년4월,147311
1040,6,2621,마포구청,2022년4월,335996
1041,6,2622,망원,2022년4월,424936
1042,6,2623,합정(6),2022년4월,367759
1043,6,2624,상수,2022년4월,287113
1044,6,2625,광흥창,2022년4월,226859
1045,6,2626,대흥,2022년4월,231090
1046,6,2627,공덕(6),2022년4월,455853
1047,6,2628,효창공원앞,2022년4월,177879
1048,6,2629,삼각지(6),2022년4월,156211
1049,6,2630,녹사평,2022년4월,148478
1050,6,2631,이태원,2022년4월,364213
1051,6,2632,한강진,2022년4월,276501
1052,6,2633,버티고개,2022년4월,57523
1053,6,2634,약수(6),2022년4월,97611
1054,6,2635,청구(6),2022년4월,103997
1055,6,2636,신당(6),2022년4월,234622
1056,6,2637,동묘앞(6),2022년4월,230071
1057,6,2638,창신,2022년4월,80645
1058,6,2639,보문,2022년4월,182724
1059,6,2640,안암,2022년4월,338547
1060,6,2641,고려대,2022년4월,221167
1061,6,2642,월곡,2022년4월,313264
1062,6,2643,상월곡,2022년4월,155732
1063,6,2644,돌곶이,2022년4월,236746
1064,6,2645,석계(6),2022년4월,351277
1065,6,2646,태릉입구(6),2022년4월,169990
1066,6,2647,화랑대,2022년4월,256057
1067,6,2648,봉화산,2022년4월,224866
1068,7,2711,장암,2022년4월,30048
1069,7,2712,도봉산(7),2022년4월,315911
1070,7,2713,수락산,2022년4월,345989
1071,7,2714,마들,2022년4월,325027
1072,7,2715,노원(7),2022년4월,552411
1073,7,2716,중계,2022년4월,359861
1074,7,2717,하계,2022년4월,458451
1075,7,2718,공릉,2022년4월,342290
1076,7,2719,태릉입구(7),2022년4월,233724
1077,7,2720,먹골,2022년4월,267189
1078,7,2721,중화,2022년4월,284830
1079,7,2722,상봉(7),2022년4월,433283
1080,7,2723,면목,2022년4월,422832
1081,7,2724,사가정,2022년4월,441013
1082,7,2725,용마산,2022년4월,165181
1083,7,2726,중곡,2022년4월,271534
1084,7,2727,군자(7),2022년4월,320716
1085,7,2728,어린이대공원,2022년4월,435428
1086,7,2729,건대입구(7),2022년4월,381486
1087,7,2730,뚝섬유원지,2022년4월,338781
1088,7,2731,청담,2022년4월,552885
1089,7,2732,강남구청,2022년4월,458715
1090,7,2733,학동,2022년4월,628889
1091,7,2734,논현,2022년4월,555530
1092,7,2735,반포,2022년4월,154557
1093,7,2736,고속터미널(7),2022년4월,366769
1094,7,2737,내방,2022년4월,378410
1095,7,2738,이수(7),2022년4월,413424
1096,7,2739,남성,2022년4월,275957
1097,7,2740,숭실대입구,2022년4월,388332
1098,7,2741,상도,2022년4월,289664
1099,7,2742,장승배기,2022년4월,233298
1100,7,2743,신대방삼거리,2022년4월,426787
1101,7,2744,보라매,2022년4월,266661
1102,7,2745,신풍,2022년4월,304476
1103,7,2746,대림(7),2022년4월,222907
1104,7,2747,남구로,2022년4월,417541
1105,7,2748,가산디지털단지(7),2022년4월,1072699
1106,7,2749,철산,2022년4월,575905
1107,7,2750,광명사거리,2022년4월,594823
1108,7,2751,천왕,2022년4월,287158
1109,7,2752,온수(7),2022년4월,269617
1110,8,2811,암사,2022년4월,445983
1111,8,2812,천호(8),2022년4월,468995
1112,8,2813,강동구청,2022년4월,276804
1113,8,2814,몽촌토성,2022년4월,175535
1114,8,2815,잠실(8),2022년4월,506642
1115,8,2816,석촌(8),2022년4월,273500
1116,8,2817,송파,2022년4월,214824
1117,8,2818,가락시장(8),2022년4월,229775
1118,8,2819,문정,2022년4월,561452
1119,8,2820,장지,2022년4월,443955
1120,8,2821,복정(8),2022년4월,225271
1121,8,2822,산성,2022년4월,152934
1122,8,2823,남한산성입구,2022년4월,371672
1123,8,2824,단대오거리,2022년4월,286421
1124,8,2825,신흥,2022년4월,124988
1125,8,2826,수진,2022년4월,135862
1126,8,2827,모란(8),2022년4월,115965
1127,8,2828,남위례,2022년4월,138756
1128,9,4126,언주,2022년4월,47832
1129,9,4127,선정릉,2022년4월,42942
1130,9,4128,삼성중앙,2022년4월,33246
1131,9,4129,봉은사,2022년4월,76138
1132,9,4130,종합운동장(9),2022년4월,19079
1133,9,4131,삼전,2022년4월,43015
1134,9,4132,석촌고분,2022년4월,37108
1135,9,4133,석촌(9),2022년4월,48555
1136,9,4134,송파나루,2022년4월,41650
1137,9,4135,한성백제,2022년4월,21309
1138,9,4136,올림픽공원(9),2022년4월,39874
1139,9,4137,둔촌오륜,2022년4월,10429
1140,9,4138,중앙보훈병원,2022년4월,54774
1141,1,150,서울역(1),2022년5월,1366591
1142,1,151,시청(1),2022년5월,658279
1143,1,152,종각,2022년5월,974712
1144,1,153,종로3가(1),2022년5월,720897
1145,1,154,종로5가,2022년5월,675247
1146,1,155,동대문(1),2022년5월,346998
1147,1,156,신설동(1),2022년5월,393349
1148,1,157,제기동,2022년5월,524263
1149,1,158,청량리,2022년5월,620038
1150,1,159,동묘앞(1),2022년5월,319554
1151,2,201,시청(2),2022년5월,606214
1152,2,202,을지로입구,2022년5월,1130909
1153,2,203,을지로3가(2),2022년5월,641773
1154,2,204,을지로4가(2),2022년5월,356582
1155,2,205,동대문역사문화공원(2),2022년5월,442654
1156,2,206,신당(2),2022년5월,434386
1157,2,207,상왕십리,2022년5월,396122
1158,2,208,왕십리(2),2022년5월,429714
1159,2,209,한양대,2022년5월,454255
1160,2,210,뚝섬,2022년5월,692200
1161,2,211,성수,2022년5월,1138897
1162,2,212,건대입구(2),2022년5월,1249058
1163,2,213,구의,2022년5월,657066
1164,2,214,강변,2022년5월,946081
1165,2,215,잠실나루,2022년5월,402209
1166,2,216,잠실(2),2022년5월,2170807
1167,2,217,잠실새내,2022년5월,647725
1168,2,218,종합운동장(2),2022년5월,483448
1169,2,219,삼성,2022년5월,1456017
1170,2,220,선릉,2022년5월,1317615
1171,2,221,역삼,2022년5월,1491198
1172,2,222,강남,2022년5월,2364056
1173,2,223,교대(2),2022년5월,1054506
1174,2,224,서초,2022년5월,579169
1175,2,225,방배,2022년5월,543759
1176,2,226,사당(2),2022년5월,1303682
1177,2,227,낙성대,2022년5월,789405
1178,2,228,서울대입구,2022년5월,1397809
1179,2,229,봉천,2022년5월,629029
1180,2,230,신림,2022년5월,1808289
1181,2,231,신대방,2022년5월,763841
1182,2,232,구로디지털단지,2022년5월,1622434
1183,2,233,대림(2),2022년5월,731321
1184,2,234,신도림,2022년5월,1456051
1185,2,235,문래,2022년5월,627994
1186,2,236,영등포구청(2),2022년5월,635898
1187,2,237,당산,2022년5월,636530
1188,2,238,합정(2),2022년5월,1041508
1189,2,239,홍대입구,2022년5월,2014237
1190,2,240,신촌,2022년5월,1063692
1191,2,241,이대,2022년5월,441007
1192,2,242,아현,2022년5월,292997
1193,2,243,충정로(2),2022년5월,294655
1194,2,244,용답,2022년5월,95835
1195,2,245,신답,2022년5월,53323
1196,2,246,신설동(2),2022년5월,109190
1197,2,247,도림천,2022년5월,39466
1198,2,248,양천구청,2022년5월,206923
1199,2,249,신정네거리,2022년5월,311631
1200,2,250,용두,2022년5월,68573
1201,3,309,지축,2022년5월,140789
1202,3,310,구파발,2022년5월,614372
1203,3,311,연신내(3),2022년5월,1030176
1204,3,312,불광(3),2022년5월,532746
1205,3,313,녹번,2022년5월,402515
1206,3,314,홍제,2022년5월,504683
1207,3,315,무악재,2022년5월,120121
1208,3,316,독립문,2022년5월,241038
1209,3,317,경복궁,2022년5월,886867
1210,3,318,안국,2022년5월,745264
1211,3,319,종로3가(3),2022년5월,345204
1212,3,320,을지로3가(3),2022년5월,303918
1213,3,322,동대입구,2022년5월,301186
1214,3,323,약수(3),2022년5월,372210
1215,3,324,금호,2022년5월,215804
1216,3,325,옥수,2022년5월,282408
1217,3,326,압구정,2022년5월,973227
1218,3,327,신사,2022년5월,932156
1219,3,328,잠원,2022년5월,140253
1220,3,329,고속터미널(3),2022년5월,1433054
1221,3,330,교대(3),2022년5월,262827
1222,3,331,남부터미널,2022년5월,871821
1223,3,332,양재,2022년5월,1172155
1224,3,333,매봉,2022년5월,332329
1225,3,334,도곡,2022년5월,159736
1226,3,335,대치,2022년5월,321799
1227,3,336,학여울,2022년5월,86375
1228,3,337,대청,2022년5월,267227
1229,3,338,일원,2022년5월,278706
1230,3,339,수서,2022년5월,533421
1231,3,340,가락시장(3),2022년5월,253730
1232,3,341,경찰병원,2022년5월,200346
1233,3,342,오금(3),2022년5월,163371
1234,4,409,당고개,2022년5월,253519
1235,4,410,상계,2022년5월,536356
1236,4,411,노원(4),2022년5월,658955
1237,4,412,창동,2022년5월,810901
1238,4,413,쌍문,2022년5월,783574
1239,4,414,수유,2022년5월,1009941
1240,4,415,미아,2022년5월,427784
1241,4,416,미아사거리,2022년5월,791389
1242,4,417,길음,2022년5월,629486
1243,4,418,성신여대입구,2022년5월,609769
1244,4,419,한성대입구,2022년5월,429146
1245,4,420,혜화,2022년5월,1073360
1246,4,421,동대문(4),2022년5월,587551
1247,4,422,동대문역사문화공원(4),2022년5월,404130
1248,4,423,충무로(4),2022년5월,799569
1249,4,424,명동,2022년5월,652032
1250,4,425,회현,2022년5월,770700
1251,4,426,서울역(4),2022년5월,553649
1252,4,427,숙대입구,2022년5월,406857
1253,4,428,삼각지(4),2022년5월,188929
1254,4,429,신용산,2022년5월,528477
1255,4,430,이촌,2022년5월,312016
1256,4,431,동작,2022년5월,80550
1257,4,432,이수(총신대입구),2022년5월,616940
1258,4,433,사당(4),2022년5월,701804
1259,4,434,남태령,2022년5월,33800
1260,5,2511,방화,2022년5월,191280
1261,5,2512,개화산,2022년5월,157223
1262,5,2513,김포공항(5),2022년5월,243416
1263,5,2514,송정,2022년5월,183368
1264,5,2515,마곡,2022년5월,294784
1265,5,2516,발산,2022년5월,617179
1266,5,2517,우장산,2022년5월,418117
1267,5,2518,화곡,2022년5월,766864
1268,5,2519,까치산(5),2022년5월,799377
1269,5,2520,신정,2022년5월,324215
1270,5,2521,목동,2022년5월,510750
1271,5,2522,오목교,2022년5월,673348
1272,5,2523,양평(5),2022년5월,198208
1273,5,2524,영등포구청(5),2022년5월,118254
1274,5,2525,영등포시장,2022년5월,308046
1275,5,2526,신길(5),2022년5월,124478
1276,5,2527,여의도(5),2022년5월,811999
1277,5,2528,여의나루,2022년5월,574897
1278,5,2529,마포,2022년5월,401652
1279,5,2530,공덕(5),2022년5월,409558
1280,5,2531,애오개,2022년5월,186676
1281,5,2532,충정로(5),2022년5월,126493
1282,5,2533,서대문,2022년5월,531651
1283,5,2534,광화문,2022년5월,908793
1284,5,2535,종로3가(5),2022년5월,417516
1285,5,2536,을지로4가(5),2022년5월,174901
1286,5,2537,동대문역사문화공원(5),2022년5월,87582
1287,5,2538,청구(5),2022년5월,103698
1288,5,2539,신금호,2022년5월,193580
1289,5,2540,행당,2022년5월,206975
1290,5,2541,왕십리(5),2022년5월,162067
1291,5,2542,마장,2022년5월,159179
1292,5,2543,답십리,2022년5월,426378
1293,5,2544,장한평,2022년5월,511586
1294,5,2545,군자(5),2022년5월,368841
1295,5,2546,아차산,2022년5월,462299
1296,5,2547,광나루,2022년5월,381071
1297,5,2548,천호(5),2022년5월,562630
1298,5,2549,강동,2022년5월,513854
1299,5,2550,길동,2022년5월,240439
1300,5,2551,굽은다리,2022년5월,271453
1301,5,2552,명일,2022년5월,265498
1302,5,2553,고덕,2022년5월,278955
1303,5,2554,상일동,2022년5월,399593
1304,5,2555,둔촌동,2022년5월,240669
1305,5,2556,올림픽공원(5),2022년5월,130987
1306,5,2557,방이,2022년5월,211896
1307,5,2558,오금(5),2022년5월,107298
1308,5,2559,개롱,2022년5월,192932
1309,5,2560,거여,2022년5월,283527
1310,5,2561,마천,2022년5월,206151
1311,5,2562,강일,2022년5월,122053
1312,5,2563,미사,2022년5월,484606
1313,5,2564,하남풍산,2022년5월,121906
1314,5,2565,하남시청,2022년5월,204977
1315,5,2566,하남검단산,2022년5월,181987
1316,6,2611,응암,2022년5월,503733
1317,6,2612,역촌,2022년5월,125083
1318,6,2613,불광(6),2022년5월,130088
1319,6,2614,독바위,2022년5월,86240
1320,6,2616,구산,2022년5월,162109
1321,6,2617,새절,2022년5월,353586
1322,6,2618,증산,2022년5월,294147
1323,6,2619,디지털미디어시티(6),2022년5월,430704
1324,6,2620,월드컵경기장,2022년5월,192199
1325,6,2621,마포구청,2022년5월,363643
1326,6,2622,망원,2022년5월,461197
1327,6,2623,합정(6),2022년5월,409329
1328,6,2624,상수,2022년5월,324443
1329,6,2625,광흥창,2022년5월,248455
1330,6,2626,대흥,2022년5월,256539
1331,6,2627,공덕(6),2022년5월,500031
1332,6,2628,효창공원앞,2022년5월,194304
1333,6,2629,삼각지(6),2022년5월,188332
1334,6,2630,녹사평,2022년5월,170880
1335,6,2631,이태원,2022년5월,426481
1336,6,2632,한강진,2022년5월,320472
1337,6,2633,버티고개,2022년5월,63645
1338,6,2634,약수(6),2022년5월,106207
1339,6,2635,청구(6),2022년5월,108339
1340,6,2636,신당(6),2022년5월,250360
1341,6,2637,동묘앞(6),2022년5월,256650
1342,6,2638,창신,2022년5월,87832
1343,6,2639,보문,2022년5월,200963
1344,6,2640,안암,2022년5월,415940
1345,6,2641,고려대,2022년5월,249247
1346,6,2642,월곡,2022년5월,341002
1347,6,2643,상월곡,2022년5월,173144
1348,6,2644,돌곶이,2022년5월,257271
1349,6,2645,석계(6),2022년5월,382476
1350,6,2646,태릉입구(6),2022년5월,224582
1351,6,2647,화랑대,2022년5월,281001
1352,6,2648,봉화산,2022년5월,243942
1353,7,2711,장암,2022년5월,32598
1354,7,2712,도봉산(7),2022년5월,342822
1355,7,2713,수락산,2022년5월,377692
1356,7,2714,마들,2022년5월,351058
1357,7,2715,노원(7),2022년5월,619678
1358,7,2716,중계,2022년5월,388912
1359,7,2717,하계,2022년5월,494555
1360,7,2718,공릉,2022년5월,368349
1361,7,2719,태릉입구(7),2022년5월,301922
1362,7,2720,먹골,2022년5월,289944
1363,7,2721,중화,2022년5월,309298
1364,7,2722,상봉(7),2022년5월,472391
1365,7,2723,면목,2022년5월,449958
1366,7,2724,사가정,2022년5월,473185
1367,7,2725,용마산,2022년5월,176240
1368,7,2726,중곡,2022년5월,291084
1369,7,2727,군자(7),2022년5월,343300
1370,7,2728,어린이대공원,2022년5월,496643
1371,7,2729,건대입구(7),2022년5월,429678
1372,7,2730,뚝섬유원지,2022년5월,382392
1373,7,2731,청담,2022년5월,596985
1374,7,2732,강남구청,2022년5월,492331
1375,7,2733,학동,2022년5월,669103
1376,7,2734,논현,2022년5월,593334
1377,7,2735,반포,2022년5월,170425
1378,7,2736,고속터미널(7),2022년5월,414717
1379,7,2737,내방,2022년5월,412954
1380,7,2738,이수(7),2022년5월,455508
1381,7,2739,남성,2022년5월,299728
1382,7,2740,숭실대입구,2022년5월,421412
1383,7,2741,상도,2022년5월,321502
1384,7,2742,장승배기,2022년5월,252688
1385,7,2743,신대방삼거리,2022년5월,456388
1386,7,2744,보라매,2022년5월,287746
1387,7,2745,신풍,2022년5월,329277
1388,7,2746,대림(7),2022년5월,251577
1389,7,2747,남구로,2022년5월,447319
1390,7,2748,가산디지털단지(7),2022년5월,1129291
1391,7,2749,철산,2022년5월,629256
1392,7,2750,광명사거리,2022년5월,636101
1393,7,2751,천왕,2022년5월,309686
1394,7,2752,온수(7),2022년5월,289938
1395,8,2811,암사,2022년5월,476744
1396,8,2812,천호(8),2022년5월,507871
1397,8,2813,강동구청,2022년5월,296579
1398,8,2814,몽촌토성,2022년5월,200185
1399,8,2815,잠실(8),2022년5월,522571
1400,8,2816,석촌(8),2022년5월,263653
1401,8,2817,송파,2022년5월,235851
1402,8,2818,가락시장(8),2022년5월,244045
1403,8,2819,문정,2022년5월,588560
1404,8,2820,장지,2022년5월,474948
1405,8,2821,복정(8),2022년5월,244613
1406,8,2822,산성,2022년5월,165644
1407,8,2823,남한산성입구,2022년5월,399896
1408,8,2824,단대오거리,2022년5월,309050
1409,8,2825,신흥,2022년5월,137095
1410,8,2826,수진,2022년5월,144996
1411,8,2827,모란(8),2022년5월,121740
1412,8,2828,남위례,2022년5월,159105
1413,9,4126,언주,2022년5월,51287
1414,9,4127,선정릉,2022년5월,46618
1415,9,4128,삼성중앙,2022년5월,36473
1416,9,4129,봉은사,2022년5월,87313
1417,9,4130,종합운동장(9),2022년5월,21345
1418,9,4131,삼전,2022년5월,46658
1419,9,4132,석촌고분,2022년5월,39068
1420,9,4133,석촌(9),2022년5월,50394
1421,9,4134,송파나루,2022년5월,43249
1422,9,4135,한성백제,2022년5월,23203
1423,9,4136,올림픽공원(9),2022년5월,44540
1424,9,4137,둔촌오륜,2022년5월,10772
1425,9,4138,중앙보훈병원,2022년5월,59953
1426,1,150,서울역(1),2022년6월,1315763
1427,1,151,시청(1),2022년6월,624554
1428,1,152,종각,2022년6월,940829
1429,1,153,종로3가(1),2022년6월,688964
1430,1,154,종로5가,2022년6월,650869
1431,1,155,동대문(1),2022년6월,320413
1432,1,156,신설동(1),2022년6월,362789
1433,1,157,제기동,2022년6월,493838
1434,1,158,청량리,2022년6월,578300
1435,1,159,동묘앞(1),2022년6월,283125
1436,2,201,시청(2),2022년6월,574942
1437,2,202,을지로입구,2022년6월,1097460
1438,2,203,을지로3가(2),2022년6월,616025
1439,2,204,을지로4가(2),2022년6월,345655
1440,2,205,동대문역사문화공원(2),2022년6월,431197
1441,2,206,신당(2),2022년6월,410277
1442,2,207,상왕십리,2022년6월,382075
1443,2,208,왕십리(2),2022년6월,394834
1444,2,209,한양대,2022년6월,310932
1445,2,210,뚝섬,2022년6월,655608
1446,2,211,성수,2022년6월,1076016
1447,2,212,건대입구(2),2022년6월,1119393
1448,2,213,구의,2022년6월,632540
1449,2,214,강변,2022년6월,896131
1450,2,215,잠실나루,2022년6월,383206
1451,2,216,잠실(2),2022년6월,2028396
1452,2,217,잠실새내,2022년6월,616580
1453,2,218,종합운동장(2),2022년6월,441176
1454,2,219,삼성,2022년6월,1466875
1455,2,220,선릉,2022년6월,1285855
1456,2,221,역삼,2022년6월,1473736
1457,2,222,강남,2022년6월,2182162
1458,2,223,교대(2),2022년6월,1012875
1459,2,224,서초,2022년6월,559773
1460,2,225,방배,2022년6월,489500
1461,2,226,사당(2),2022년6월,1245557
1462,2,227,낙성대,2022년6월,748376
1463,2,228,서울대입구,2022년6월,1285144
1464,2,229,봉천,2022년6월,615690
1465,2,230,신림,2022년6월,1612560
1466,2,231,신대방,2022년6월,706581
1467,2,232,구로디지털단지,2022년6월,1570697
1468,2,233,대림(2),2022년6월,701346
1469,2,234,신도림,2022년6월,1383906
1470,2,235,문래,2022년6월,606816
1471,2,236,영등포구청(2),2022년6월,604864
1472,2,237,당산,2022년6월,589608
1473,2,238,합정(2),2022년6월,981060
1474,2,239,홍대입구,2022년6월,1868592
1475,2,240,신촌,2022년6월,998589
1476,2,241,이대,2022년6월,406981
1477,2,242,아현,2022년6월,278038
1478,2,243,충정로(2),2022년6월,280961
1479,2,244,용답,2022년6월,84598
1480,2,245,신답,2022년6월,52146
1481,2,246,신설동(2),2022년6월,103366
1482,2,247,도림천,2022년6월,38357
1483,2,248,양천구청,2022년6월,199178
1484,2,249,신정네거리,2022년6월,295604
1485,2,250,용두,2022년6월,66087
1486,3,309,지축,2022년6월,135989
1487,3,310,구파발,2022년6월,579602
1488,3,311,연신내(3),2022년6월,969732
1489,3,312,불광(3),2022년6월,497619
1490,3,313,녹번,2022년6월,382158
1491,3,314,홍제,2022년6월,468291
1492,3,315,무악재,2022년6월,112175
1493,3,316,독립문,2022년6월,216332
1494,3,317,경복궁,2022년6월,775383
1495,3,318,안국,2022년6월,677065
1496,3,319,종로3가(3),2022년6월,328791
1497,3,320,을지로3가(3),2022년6월,288422
1498,3,322,동대입구,2022년6월,274680
1499,3,323,약수(3),2022년6월,353117
1500,3,324,금호,2022년6월,206867
1501,3,325,옥수,2022년6월,267789
1502,3,326,압구정,2022년6월,949766
1503,3,327,신사,2022년6월,840508
1504,3,328,잠원,2022년6월,131108
1505,3,329,고속터미널(3),2022년6월,1336554
1506,3,330,교대(3),2022년6월,247886
1507,3,331,남부터미널,2022년6월,825230
1508,3,332,양재,2022년6월,1090347
1509,3,333,매봉,2022년6월,320523
1510,3,334,도곡,2022년6월,149258
1511,3,335,대치,2022년6월,310948
1512,3,336,학여울,2022년6월,68102
1513,3,337,대청,2022년6월,260410
1514,3,338,일원,2022년6월,272276
1515,3,339,수서,2022년6월,512400
1516,3,340,가락시장(3),2022년6월,241694
1517,3,341,경찰병원,2022년6월,194509
1518,3,342,오금(3),2022년6월,153399
1519,4,409,당고개,2022년6월,233293
1520,4,410,상계,2022년6월,500064
1521,4,411,노원(4),2022년6월,606595
1522,4,412,창동,2022년6월,762772
1523,4,413,쌍문,2022년6월,737066
1524,4,414,수유,2022년6월,945133
1525,4,415,미아,2022년6월,401272
1526,4,416,미아사거리,2022년6월,743977
1527,4,417,길음,2022년6월,576706
1528,4,418,성신여대입구,2022년6월,556197
1529,4,419,한성대입구,2022년6월,381434
1530,4,420,혜화,2022년6월,960719
1531,4,421,동대문(4),2022년6월,558404
1532,4,422,동대문역사문화공원(4),2022년6월,391037
1533,4,423,충무로(4),2022년6월,744854
1534,4,424,명동,2022년6월,612664
1535,4,425,회현,2022년6월,717240
1536,4,426,서울역(4),2022년6월,530165
1537,4,427,숙대입구,2022년6월,370852
1538,4,428,삼각지(4),2022년6월,187351
1539,4,429,신용산,2022년6월,515991
1540,4,430,이촌,2022년6월,289859
1541,4,431,동작,2022년6월,72625
1542,4,432,이수(총신대입구),2022년6월,580298
1543,4,433,사당(4),2022년6월,659096
1544,4,434,남태령,2022년6월,33336
1545,5,2511,방화,2022년6월,182422
1546,5,2512,개화산,2022년6월,151747
1547,5,2513,김포공항(5),2022년6월,233800
1548,5,2514,송정,2022년6월,174475
1549,5,2515,마곡,2022년6월,282040
1550,5,2516,발산,2022년6월,588511
1551,5,2517,우장산,2022년6월,396936
1552,5,2518,화곡,2022년6월,730621
1553,5,2519,까치산(5),2022년6월,763770
1554,5,2520,신정,2022년6월,313954
1555,5,2521,목동,2022년6월,492111
1556,5,2522,오목교,2022년6월,638487
1557,5,2523,양평(5),2022년6월,192956
1558,5,2524,영등포구청(5),2022년6월,114265
1559,5,2525,영등포시장,2022년6월,300215
1560,5,2526,신길(5),2022년6월,121853
1561,5,2527,여의도(5),2022년6월,771030
1562,5,2528,여의나루,2022년6월,397491
1563,5,2529,마포,2022년6월,388429
1564,5,2530,공덕(5),2022년6월,397062
1565,5,2531,애오개,2022년6월,178182
1566,5,2532,충정로(5),2022년6월,119145
1567,5,2533,서대문,2022년6월,502766
1568,5,2534,광화문,2022년6월,869594
1569,5,2535,종로3가(5),2022년6월,386147
1570,5,2536,을지로4가(5),2022년6월,168494
1571,5,2537,동대문역사문화공원(5),2022년6월,86465
1572,5,2538,청구(5),2022년6월,99210
1573,5,2539,신금호,2022년6월,185546
1574,5,2540,행당,2022년6월,199588
1575,5,2541,왕십리(5),2022년6월,151207
1576,5,2542,마장,2022년6월,148243
1577,5,2543,답십리,2022년6월,409941
1578,5,2544,장한평,2022년6월,499338
1579,5,2545,군자(5),2022년6월,349977
1580,5,2546,아차산,2022년6월,409196
1581,5,2547,광나루,2022년6월,355131
1582,5,2548,천호(5),2022년6월,527527
1583,5,2549,강동,2022년6월,494091
1584,5,2550,길동,2022년6월,230608
1585,5,2551,굽은다리,2022년6월,258976
1586,5,2552,명일,2022년6월,253982
1587,5,2553,고덕,2022년6월,262949
1588,5,2554,상일동,2022년6월,379099
1589,5,2555,둔촌동,2022년6월,228326
1590,5,2556,올림픽공원(5),2022년6월,118982
1591,5,2557,방이,2022년6월,204791
1592,5,2558,오금(5),2022년6월,102082
1593,5,2559,개롱,2022년6월,185804
1594,5,2560,거여,2022년6월,271797
1595,5,2561,마천,2022년6월,197660
1596,5,2562,강일,2022년6월,124134
1597,5,2563,미사,2022년6월,467655
1598,5,2564,하남풍산,2022년6월,117210
1599,5,2565,하남시청,2022년6월,197706
1600,5,2566,하남검단산,2022년6월,172215
1601,6,2611,응암,2022년6월,482337
1602,6,2612,역촌,2022년6월,121290
1603,6,2613,불광(6),2022년6월,125808
1604,6,2614,독바위,2022년6월,83548
1605,6,2616,구산,2022년6월,159567
1606,6,2617,새절,2022년6월,331113
1607,6,2618,증산,2022년6월,275931
1608,6,2619,디지털미디어시티(6),2022년6월,420115
1609,6,2620,월드컵경기장,2022년6월,225212
1610,6,2621,마포구청,2022년6월,352945
1611,6,2622,망원,2022년6월,430366
1612,6,2623,합정(6),2022년6월,388202
1613,6,2624,상수,2022년6월,303798
1614,6,2625,광흥창,2022년6월,240828
1615,6,2626,대흥,2022년6월,240276
1616,6,2627,공덕(6),2022년6월,475851
1617,6,2628,효창공원앞,2022년6월,180688
1618,6,2629,삼각지(6),2022년6월,183122
1619,6,2630,녹사평,2022년6월,155703
1620,6,2631,이태원,2022년6월,397153
1621,6,2632,한강진,2022년6월,298440
1622,6,2633,버티고개,2022년6월,60494
1623,6,2634,약수(6),2022년6월,101668
1624,6,2635,청구(6),2022년6월,102389
1625,6,2636,신당(6),2022년6월,237321
1626,6,2637,동묘앞(6),2022년6월,236435
1627,6,2638,창신,2022년6월,83094
1628,6,2639,보문,2022년6월,190408
1629,6,2640,안암,2022년6월,321981
1630,6,2641,고려대,2022년6월,221912
1631,6,2642,월곡,2022년6월,312558
1632,6,2643,상월곡,2022년6월,160914
1633,6,2644,돌곶이,2022년6월,241382
1634,6,2645,석계(6),2022년6월,353165
1635,6,2646,태릉입구(6),2022년6월,176323
1636,6,2647,화랑대,2022년6월,252212
1637,6,2648,봉화산,2022년6월,233283
1638,7,2711,장암,2022년6월,30065
1639,7,2712,도봉산(7),2022년6월,312258
1640,7,2713,수락산,2022년6월,357894
1641,7,2714,마들,2022년6월,338562
1642,7,2715,노원(7),2022년6월,581765
1643,7,2716,중계,2022년6월,366329
1644,7,2717,하계,2022년6월,464329
1645,7,2718,공릉,2022년6월,328863
1646,7,2719,태릉입구(7),2022년6월,237113
1647,7,2720,먹골,2022년6월,275423
1648,7,2721,중화,2022년6월,287662
1649,7,2722,상봉(7),2022년6월,449304
1650,7,2723,면목,2022년6월,414885
1651,7,2724,사가정,2022년6월,444802
1652,7,2725,용마산,2022년6월,164031
1653,7,2726,중곡,2022년6월,281147
1654,7,2727,군자(7),2022년6월,331261
1655,7,2728,어린이대공원,2022년6월,415722
1656,7,2729,건대입구(7),2022년6월,394565
1657,7,2730,뚝섬유원지,2022년6월,265886
1658,7,2731,청담,2022년6월,579565
1659,7,2732,강남구청,2022년6월,486193
1660,7,2733,학동,2022년6월,646555
1661,7,2734,논현,2022년6월,528312
1662,7,2735,반포,2022년6월,163788
1663,7,2736,고속터미널(7),2022년6월,400547
1664,7,2737,내방,2022년6월,393353
1665,7,2738,이수(7),2022년6월,443623
1666,7,2739,남성,2022년6월,288021
1667,7,2740,숭실대입구,2022년6월,367829
1668,7,2741,상도,2022년6월,300208
1669,7,2742,장승배기,2022년6월,245548
1670,7,2743,신대방삼거리,2022년6월,406031
1671,7,2744,보라매,2022년6월,228158
1672,7,2745,신풍,2022년6월,317636
1673,7,2746,대림(7),2022년6월,244595
1674,7,2747,남구로,2022년6월,432229
1675,7,2748,가산디지털단지(7),2022년6월,1089209
1676,7,2749,철산,2022년6월,598046
1677,7,2750,광명사거리,2022년6월,608022
1678,7,2751,천왕,2022년6월,298818
1679,7,2752,온수(7),2022년6월,267370
1680,8,2811,암사,2022년6월,458496
1681,8,2812,천호(8),2022년6월,479764
1682,8,2813,강동구청,2022년6월,286989
1683,8,2814,몽촌토성,2022년6월,179453
1684,8,2815,잠실(8),2022년6월,500296
1685,8,2816,석촌(8),2022년6월,247503
1686,8,2817,송파,2022년6월,233154
1687,8,2818,가락시장(8),2022년6월,233399
1688,8,2819,문정,2022년6월,568243
1689,8,2820,장지,2022년6월,455934
1690,8,2821,복정(8),2022년6월,227680
1691,8,2822,산성,2022년6월,155091
1692,8,2823,남한산성입구,2022년6월,360664
1693,8,2824,단대오거리,2022년6월,288815
1694,8,2825,신흥,2022년6월,130293
1695,8,2826,수진,2022년6월,141454
1696,8,2827,모란(8),2022년6월,114352
1697,8,2828,남위례,2022년6월,156553
1698,9,4126,언주,2022년6월,50032
1699,9,4127,선정릉,2022년6월,44927
1700,9,4128,삼성중앙,2022년6월,36482
1701,9,4129,봉은사,2022년6월,86863
1702,9,4130,종합운동장(9),2022년6월,20012
1703,9,4131,삼전,2022년6월,45961
1704,9,4132,석촌고분,2022년6월,38963
1705,9,4133,석촌(9),2022년6월,48919
1706,9,4134,송파나루,2022년6월,41365
1707,9,4135,한성백제,2022년6월,21823
1708,9,4136,올림픽공원(9),2022년6월,41191
1709,9,4137,둔촌오륜,2022년6월,10223
1710,9,4138,중앙보훈병원,2022년6월,57423
1711,1,150,서울역(1),2022년7월,1339173
1712,1,151,시청(1),2022년7월,657393
1713,1,152,종각,2022년7월,985824
1714,1,153,종로3가(1),2022년7월,698755
1715,1,154,종로5가,2022년7월,642341
1716,1,155,동대문(1),2022년7월,319821
1717,1,156,신설동(1),2022년7월,377013
1718,1,157,제기동,2022년7월,496234
1719,1,158,청량리,2022년7월,580513
1720,1,159,동묘앞(1),2022년7월,280351
1721,2,201,시청(2),2022년7월,613806
1722,2,202,을지로입구,2022년7월,1162098
1723,2,203,을지로3가(2),2022년7월,642165
1724,2,204,을지로4가(2),2022년7월,354374
1725,2,205,동대문역사문화공원(2),2022년7월,449881
1726,2,206,신당(2),2022년7월,414353
1727,2,207,상왕십리,2022년7월,388093
1728,2,208,왕십리(2),2022년7월,402038
1729,2,209,한양대,2022년7월,221713
1730,2,210,뚝섬,2022년7월,666113
1731,2,211,성수,2022년7월,1138953
1732,2,212,건대입구(2),2022년7월,1152266
1733,2,213,구의,2022년7월,645827
1734,2,214,강변,2022년7월,926268
1735,2,215,잠실나루,2022년7월,382146
1736,2,216,잠실(2),2022년7월,2212989
1737,2,217,잠실새내,2022년7월,644824
1738,2,218,종합운동장(2),2022년7월,452319
1739,2,219,삼성,2022년7월,1590363
1740,2,220,선릉,2022년7월,1337009
1741,2,221,역삼,2022년7월,1520948
1742,2,222,강남,2022년7월,2333099
1743,2,223,교대(2),2022년7월,1025284
1744,2,224,서초,2022년7월,577848
1745,2,225,방배,2022년7월,458127
1746,2,226,사당(2),2022년7월,1242380
1747,2,227,낙성대,2022년7월,764617
1748,2,228,서울대입구,2022년7월,1319764
1749,2,229,봉천,2022년7월,630723
1750,2,230,신림,2022년7월,1632136
1751,2,231,신대방,2022년7월,711055
1752,2,232,구로디지털단지,2022년7월,1607975
1753,2,233,대림(2),2022년7월,705700
1754,2,234,신도림,2022년7월,1381249
1755,2,235,문래,2022년7월,617511
1756,2,236,영등포구청(2),2022년7월,607199
1757,2,237,당산,2022년7월,581884
1758,2,238,합정(2),2022년7월,1024271
1759,2,239,홍대입구,2022년7월,2042916
1760,2,240,신촌,2022년7월,1068373
1761,2,241,이대,2022년7월,413626
1762,2,242,아현,2022년7월,280520
1763,2,243,충정로(2),2022년7월,285558
1764,2,244,용답,2022년7월,79805
1765,2,245,신답,2022년7월,53509
1766,2,246,신설동(2),2022년7월,107914
1767,2,247,도림천,2022년7월,39999
1768,2,248,양천구청,2022년7월,197492
1769,2,249,신정네거리,2022년7월,299890
1770,2,250,용두,2022년7월,67609
1771,3,309,지축,2022년7월,140231
1772,3,310,구파발,2022년7월,599929
1773,3,311,연신내(3),2022년7월,983093
1774,3,312,불광(3),2022년7월,501410
1775,3,313,녹번,2022년7월,382406
1776,3,314,홍제,2022년7월,462977
1777,3,315,무악재,2022년7월,111111
1778,3,316,독립문,2022년7월,206841
1779,3,317,경복궁,2022년7월,637924
1780,3,318,안국,2022년7월,663799
1781,3,319,종로3가(3),2022년7월,337790
1782,3,320,을지로3가(3),2022년7월,292688
1783,3,322,동대입구,2022년7월,258106
1784,3,323,약수(3),2022년7월,352964
1785,3,324,금호,2022년7월,206441
1786,3,325,옥수,2022년7월,267047
1787,3,326,압구정,2022년7월,986301
1788,3,327,신사,2022년7월,876548
1789,3,328,잠원,2022년7월,132343
1790,3,329,고속터미널(3),2022년7월,1402838
1791,3,330,교대(3),2022년7월,250660
1792,3,331,남부터미널,2022년7월,849472
1793,3,332,양재,2022년7월,1088254
1794,3,333,매봉,2022년7월,323994
1795,3,334,도곡,2022년7월,145659
1796,3,335,대치,2022년7월,329530
1797,3,336,학여울,2022년7월,68785
1798,3,337,대청,2022년7월,259263
1799,3,338,일원,2022년7월,271635
1800,3,339,수서,2022년7월,517473
1801,3,340,가락시장(3),2022년7월,240833
1802,3,341,경찰병원,2022년7월,198008
1803,3,342,오금(3),2022년7월,155402
1804,4,409,당고개,2022년7월,240494
1805,4,410,상계,2022년7월,498854
1806,4,411,노원(4),2022년7월,615137
1807,4,412,창동,2022년7월,769864
1808,4,413,쌍문,2022년7월,743078
1809,4,414,수유,2022년7월,953496
1810,4,415,미아,2022년7월,395194
1811,4,416,미아사거리,2022년7월,756501
1812,4,417,길음,2022년7월,558777
1813,4,418,성신여대입구,2022년7월,551568
1814,4,419,한성대입구,2022년7월,362841
1815,4,420,혜화,2022년7월,1010074
1816,4,421,동대문(4),2022년7월,561335
1817,4,422,동대문역사문화공원(4),2022년7월,402814
1818,4,423,충무로(4),2022년7월,713775
1819,4,424,명동,2022년7월,614573
1820,4,425,회현,2022년7월,704279
1821,4,426,서울역(4),2022년7월,542166
1822,4,427,숙대입구,2022년7월,363744
1823,4,428,삼각지(4),2022년7월,177118
1824,4,429,신용산,2022년7월,527737
1825,4,430,이촌,2022년7월,299558
1826,4,431,동작,2022년7월,59728
1827,4,432,이수(총신대입구),2022년7월,583202
1828,4,433,사당(4),2022년7월,644640
1829,4,434,남태령,2022년7월,33571
1830,5,2511,방화,2022년7월,185674
1831,5,2512,개화산,2022년7월,152171
1832,5,2513,김포공항(5),2022년7월,248678
1833,5,2514,송정,2022년7월,175451
1834,5,2515,마곡,2022년7월,291572
1835,5,2516,발산,2022년7월,597085
1836,5,2517,우장산,2022년7월,399798
1837,5,2518,화곡,2022년7월,740909
1838,5,2519,까치산(5),2022년7월,772461
1839,5,2520,신정,2022년7월,315925
1840,5,2521,목동,2022년7월,490040
1841,5,2522,오목교,2022년7월,658945
1842,5,2523,양평(5),2022년7월,197208
1843,5,2524,영등포구청(5),2022년7월,113877
1844,5,2525,영등포시장,2022년7월,303708
1845,5,2526,신길(5),2022년7월,126003
1846,5,2527,여의도(5),2022년7월,803491
1847,5,2528,여의나루,2022년7월,405137
1848,5,2529,마포,2022년7월,391557
1849,5,2530,공덕(5),2022년7월,401247
1850,5,2531,애오개,2022년7월,183226
1851,5,2532,충정로(5),2022년7월,118368
1852,5,2533,서대문,2022년7월,501399
1853,5,2534,광화문,2022년7월,881792
1854,5,2535,종로3가(5),2022년7월,389269
1855,5,2536,을지로4가(5),2022년7월,167237
1856,5,2537,동대문역사문화공원(5),2022년7월,92502
1857,5,2538,청구(5),2022년7월,100359
1858,5,2539,신금호,2022년7월,183985
1859,5,2540,행당,2022년7월,202227
1860,5,2541,왕십리(5),2022년7월,154166
1861,5,2542,마장,2022년7월,146247
1862,5,2543,답십리,2022년7월,418678
1863,5,2544,장한평,2022년7월,512507
1864,5,2545,군자(5),2022년7월,349903
1865,5,2546,아차산,2022년7월,399590
1866,5,2547,광나루,2022년7월,349201
1867,5,2548,천호(5),2022년7월,542566
1868,5,2549,강동,2022년7월,501278
1869,5,2550,길동,2022년7월,236597
1870,5,2551,굽은다리,2022년7월,269131
1871,5,2552,명일,2022년7월,253296
1872,5,2553,고덕,2022년7월,269802
1873,5,2554,상일동,2022년7월,384501
1874,5,2555,둔촌동,2022년7월,231281
1875,5,2556,올림픽공원(5),2022년7월,105524
1876,5,2557,방이,2022년7월,207263
1877,5,2558,오금(5),2022년7월,100322
1878,5,2559,개롱,2022년7월,188195
1879,5,2560,거여,2022년7월,268754
1880,5,2561,마천,2022년7월,196588
1881,5,2562,강일,2022년7월,123178
1882,5,2563,미사,2022년7월,475157
1883,5,2564,하남풍산,2022년7월,119793
1884,5,2565,하남시청,2022년7월,197533
1885,5,2566,하남검단산,2022년7월,176265
1886,6,2611,응암,2022년7월,487737
1887,6,2612,역촌,2022년7월,119410
1888,6,2613,불광(6),2022년7월,129745
1889,6,2614,독바위,2022년7월,84889
1890,6,2616,구산,2022년7월,166245
1891,6,2617,새절,2022년7월,325662
1892,6,2618,증산,2022년7월,277635
1893,6,2619,디지털미디어시티(6),2022년7월,427459
1894,6,2620,월드컵경기장,2022년7월,195218
1895,6,2621,마포구청,2022년7월,360469
1896,6,2622,망원,2022년7월,441648
1897,6,2623,합정(6),2022년7월,399449
1898,6,2624,상수,2022년7월,315410
1899,6,2625,광흥창,2022년7월,243915
1900,6,2626,대흥,2022년7월,242358
1901,6,2627,공덕(6),2022년7월,483207
1902,6,2628,효창공원앞,2022년7월,175231
1903,6,2629,삼각지(6),2022년7월,176062
1904,6,2630,녹사평,2022년7월,158517
1905,6,2631,이태원,2022년7월,416099
1906,6,2632,한강진,2022년7월,307222
1907,6,2633,버티고개,2022년7월,60570
1908,6,2634,약수(6),2022년7월,103416
1909,6,2635,청구(6),2022년7월,103665
1910,6,2636,신당(6),2022년7월,234302
1911,6,2637,동묘앞(6),2022년7월,238488
1912,6,2638,창신,2022년7월,79498
1913,6,2639,보문,2022년7월,194213
1914,6,2640,안암,2022년7월,291218
1915,6,2641,고려대,2022년7월,217389
1916,6,2642,월곡,2022년7월,313581
1917,6,2643,상월곡,2022년7월,157602
1918,6,2644,돌곶이,2022년7월,243411
1919,6,2645,석계(6),2022년7월,352416
1920,6,2646,태릉입구(6),2022년7월,169147
1921,6,2647,화랑대,2022년7월,247150
1922,6,2648,봉화산,2022년7월,237418
1923,7,2711,장암,2022년7월,34450
1924,7,2712,도봉산(7),2022년7월,303497
1925,7,2713,수락산,2022년7월,370323
1926,7,2714,마들,2022년7월,343027
1927,7,2715,노원(7),2022년7월,612315
1928,7,2716,중계,2022년7월,364085
1929,7,2717,하계,2022년7월,468551
1930,7,2718,공릉,2022년7월,329524
1931,7,2719,태릉입구(7),2022년7월,230114
1932,7,2720,먹골,2022년7월,282726
1933,7,2721,중화,2022년7월,292849
1934,7,2722,상봉(7),2022년7월,458421
1935,7,2723,면목,2022년7월,406122
1936,7,2724,사가정,2022년7월,445988
1937,7,2725,용마산,2022년7월,165938
1938,7,2726,중곡,2022년7월,282798
1939,7,2727,군자(7),2022년7월,337465
1940,7,2728,어린이대공원,2022년7월,364510
1941,7,2729,건대입구(7),2022년7월,396118
1942,7,2730,뚝섬유원지,2022년7월,257558
1943,7,2731,청담,2022년7월,590370
1944,7,2732,강남구청,2022년7월,492488
1945,7,2733,학동,2022년7월,656033
1946,7,2734,논현,2022년7월,531954
1947,7,2735,반포,2022년7월,167727
1948,7,2736,고속터미널(7),2022년7월,403141
1949,7,2737,내방,2022년7월,401802
1950,7,2738,이수(7),2022년7월,456751
1951,7,2739,남성,2022년7월,289646
1952,7,2740,숭실대입구,2022년7월,335144
1953,7,2741,상도,2022년7월,294384
1954,7,2742,장승배기,2022년7월,253122
1955,7,2743,신대방삼거리,2022년7월,407965
1956,7,2744,보라매,2022년7월,219932
1957,7,2745,신풍,2022년7월,322633
1958,7,2746,대림(7),2022년7월,253744
1959,7,2747,남구로,2022년7월,441463
1960,7,2748,가산디지털단지(7),2022년7월,1116312
1961,7,2749,철산,2022년7월,606458
1962,7,2750,광명사거리,2022년7월,612771
1963,7,2751,천왕,2022년7월,301409
1964,7,2752,온수(7),2022년7월,253912
1965,8,2811,암사,2022년7월,465069
1966,8,2812,천호(8),2022년7월,491745
1967,8,2813,강동구청,2022년7월,291773
1968,8,2814,몽촌토성,2022년7월,177035
1969,8,2815,잠실(8),2022년7월,540336
1970,8,2816,석촌(8),2022년7월,253034
1971,8,2817,송파,2022년7월,242937
1972,8,2818,가락시장(8),2022년7월,234184
1973,8,2819,문정,2022년7월,581659
1974,8,2820,장지,2022년7월,469845
1975,8,2821,복정(8),2022년7월,218906
1976,8,2822,산성,2022년7월,151423
1977,8,2823,남한산성입구,2022년7월,336976
1978,8,2824,단대오거리,2022년7월,286365
1979,8,2825,신흥,2022년7월,136652
1980,8,2826,수진,2022년7월,142545
1981,8,2827,모란(8),2022년7월,112502
1982,8,2828,남위례,2022년7월,157064
1983,9,4126,언주,2022년7월,52199
1984,9,4127,선정릉,2022년7월,47490
1985,9,4128,삼성중앙,2022년7월,38546
1986,9,4129,봉은사,2022년7월,95218
1987,9,4130,종합운동장(9),2022년7월,21176
1988,9,4131,삼전,2022년7월,48132
1989,9,4132,석촌고분,2022년7월,40988
1990,9,4133,석촌(9),2022년7월,50904
1991,9,4134,송파나루,2022년7월,44038
1992,9,4135,한성백제,2022년7월,21930
1993,9,4136,올림픽공원(9),2022년7월,40569
1994,9,4137,둔촌오륜,2022년7월,10236
1995,9,4138,중앙보훈병원,2022년7월,58910
1996,1,150,서울역(1),2022년8월,1308757
1997,1,151,시청(1),2022년8월,649885
1998,1,152,종각,2022년8월,963022
1999,1,153,종로3가(1),2022년8월,661307
2000,1,154,종로5가,2022년8월,616993
2001,1,155,동대문(1),2022년8월,295307
2002,1,156,신설동(1),2022년8월,358114
2003,1,157,제기동,2022년8월,493439
2004,1,158,청량리,2022년8월,566099
2005,1,159,동묘앞(1),2022년8월,261286
2006,2,201,시청(2),2022년8월,597267
2007,2,202,을지로입구,2022년8월,1147831
2008,2,203,을지로3가(2),2022년8월,623713
2009,2,204,을지로4가(2),2022년8월,351501
2010,2,205,동대문역사문화공원(2),2022년8월,424713
2011,2,206,신당(2),2022년8월,403278
2012,2,207,상왕십리,2022년8월,376537
2013,2,208,왕십리(2),2022년8월,383640
2014,2,209,한양대,2022년8월,202956
2015,2,210,뚝섬,2022년8월,650811
2016,2,211,성수,2022년8월,1105060
2017,2,212,건대입구(2),2022년8월,1093327
2018,2,213,구의,2022년8월,629963
2019,2,214,강변,2022년8월,901206
2020,2,215,잠실나루,2022년8월,377036
2021,2,216,잠실(2),2022년8월,2087236
2022,2,217,잠실새내,2022년8월,616035
2023,2,218,종합운동장(2),2022년8월,397422
2024,2,219,삼성,2022년8월,1479875
2025,2,220,선릉,2022년8월,1297526
2026,2,221,역삼,2022년8월,1494004
2027,2,222,강남,2022년8월,2152978
2028,2,223,교대(2),2022년8월,982996
2029,2,224,서초,2022년8월,553058
2030,2,225,방배,2022년8월,439665
2031,2,226,사당(2),2022년8월,1164182
2032,2,227,낙성대,2022년8월,738734
2033,2,228,서울대입구,2022년8월,1267303
2034,2,229,봉천,2022년8월,618861
2035,2,230,신림,2022년8월,1566109
2036,2,231,신대방,2022년8월,683590
2037,2,232,구로디지털단지,2022년8월,1557588
2038,2,233,대림(2),2022년8월,684030
2039,2,234,신도림,2022년8월,1330414
2040,2,235,문래,2022년8월,599311
2041,2,236,영등포구청(2),2022년8월,595227
2042,2,237,당산,2022년8월,561948
2043,2,238,합정(2),2022년8월,988158
2044,2,239,홍대입구,2022년8월,1943348
2045,2,240,신촌,2022년8월,1014872
2046,2,241,이대,2022년8월,395222
2047,2,242,아현,2022년8월,272510
2048,2,243,충정로(2),2022년8월,279703
2049,2,244,용답,2022년8월,78458
2050,2,245,신답,2022년8월,51673
2051,2,246,신설동(2),2022년8월,99599
2052,2,247,도림천,2022년8월,38732
2053,2,248,양천구청,2022년8월,191330
2054,2,249,신정네거리,2022년8월,288558
2055,2,250,용두,2022년8월,67653
2056,3,309,지축,2022년8월,138542
2057,3,310,구파발,2022년8월,570833
2058,3,311,연신내(3),2022년8월,946481
2059,3,312,불광(3),2022년8월,479535
2060,3,313,녹번,2022년8월,371178
2061,3,314,홍제,2022년8월,448471
2062,3,315,무악재,2022년8월,107268
2063,3,316,독립문,2022년8월,202622
2064,3,317,경복궁,2022년8월,606647
2065,3,318,안국,2022년8월,631100
2066,3,319,종로3가(3),2022년8월,317369
2067,3,320,을지로3가(3),2022년8월,281655
2068,3,322,동대입구,2022년8월,257905
2069,3,323,약수(3),2022년8월,342845
2070,3,324,금호,2022년8월,201922
2071,3,325,옥수,2022년8월,259399
2072,3,326,압구정,2022년8월,943914
2073,3,327,신사,2022년8월,833201
2074,3,328,잠원,2022년8월,128687
2075,3,329,고속터미널(3),2022년8월,1322085
2076,3,330,교대(3),2022년8월,242524
2077,3,331,남부터미널,2022년8월,813746
2078,3,332,양재,2022년8월,1044475
2079,3,333,매봉,2022년8월,309725
2080,3,334,도곡,2022년8월,140566
2081,3,335,대치,2022년8월,323945
2082,3,336,학여울,2022년8월,75103
2083,3,337,대청,2022년8월,256593
2084,3,338,일원,2022년8월,268149
2085,3,339,수서,2022년8월,501174
2086,3,340,가락시장(3),2022년8월,236635
2087,3,341,경찰병원,2022년8월,195728
2088,3,342,오금(3),2022년8월,151199
2089,4,409,당고개,2022년8월,233501
2090,4,410,상계,2022년8월,481871
2091,4,411,노원(4),2022년8월,589617
2092,4,412,창동,2022년8월,740005
2093,4,413,쌍문,2022년8월,723196
2094,4,414,수유,2022년8월,924776
2095,4,415,미아,2022년8월,384005
2096,4,416,미아사거리,2022년8월,723702
2097,4,417,길음,2022년8월,540421
2098,4,418,성신여대입구,2022년8월,534539
2099,4,419,한성대입구,2022년8월,351101
2100,4,420,혜화,2022년8월,981347
2101,4,421,동대문(4),2022년8월,503726
2102,4,422,동대문역사문화공원(4),2022년8월,387208
2103,4,423,충무로(4),2022년8월,691612
2104,4,424,명동,2022년8월,619825
2105,4,425,회현,2022년8월,654668
2106,4,426,서울역(4),2022년8월,527064
2107,4,427,숙대입구,2022년8월,352274
2108,4,428,삼각지(4),2022년8월,176806
2109,4,429,신용산,2022년8월,517698
2110,4,430,이촌,2022년8월,306167
2111,4,431,동작,2022년8월,61242
2112,4,432,이수(총신대입구),2022년8월,558575
2113,4,433,사당(4),2022년8월,604088
2114,4,434,남태령,2022년8월,32724
2115,5,2511,방화,2022년8월,179131
2116,5,2512,개화산,2022년8월,147447
2117,5,2513,김포공항(5),2022년8월,232638
2118,5,2514,송정,2022년8월,168844
2119,5,2515,마곡,2022년8월,282414
2120,5,2516,발산,2022년8월,576375
2121,5,2517,우장산,2022년8월,390530
2122,5,2518,화곡,2022년8월,722914
2123,5,2519,까치산(5),2022년8월,749853
2124,5,2520,신정,2022년8월,305358
2125,5,2521,목동,2022년8월,478446
2126,5,2522,오목교,2022년8월,641217
2127,5,2523,양평(5),2022년8월,192438
2128,5,2524,영등포구청(5),2022년8월,112994
2129,5,2525,영등포시장,2022년8월,293359
2130,5,2526,신길(5),2022년8월,122588
2131,5,2527,여의도(5),2022년8월,805109
2132,5,2528,여의나루,2022년8월,409660
2133,5,2529,마포,2022년8월,382530
2134,5,2530,공덕(5),2022년8월,390186
2135,5,2531,애오개,2022년8월,176367
2136,5,2532,충정로(5),2022년8월,119741
2137,5,2533,서대문,2022년8월,492338
2138,5,2534,광화문,2022년8월,920645
2139,5,2535,종로3가(5),2022년8월,373840
2140,5,2536,을지로4가(5),2022년8월,164549
2141,5,2537,동대문역사문화공원(5),2022년8월,93629
2142,5,2538,청구(5),2022년8월,97103
2143,5,2539,신금호,2022년8월,177326
2144,5,2540,행당,2022년8월,197574
2145,5,2541,왕십리(5),2022년8월,146225
2146,5,2542,마장,2022년8월,143096
2147,5,2543,답십리,2022년8월,416756
2148,5,2544,장한평,2022년8월,496180
2149,5,2545,군자(5),2022년8월,338834
2150,5,2546,아차산,2022년8월,386607
2151,5,2547,광나루,2022년8월,344817
2152,5,2548,천호(5),2022년8월,519495
2153,5,2549,강동,2022년8월,491123
2154,5,2550,길동,2022년8월,230262
2155,5,2551,굽은다리,2022년8월,255940
2156,5,2552,명일,2022년8월,244246
2157,5,2553,고덕,2022년8월,260833
2158,5,2554,상일동,2022년8월,373041
2159,5,2555,둔촌동,2022년8월,223706
2160,5,2556,올림픽공원(5),2022년8월,120575
2161,5,2557,방이,2022년8월,201719
2162,5,2558,오금(5),2022년8월,97060
2163,5,2559,개롱,2022년8월,181177
2164,5,2560,거여,2022년8월,258714
2165,5,2561,마천,2022년8월,189691
2166,5,2562,강일,2022년8월,120658
2167,5,2563,미사,2022년8월,462251
2168,5,2564,하남풍산,2022년8월,114084
2169,5,2565,하남시청,2022년8월,188000
2170,5,2566,하남검단산,2022년8월,167905
2171,6,2611,응암,2022년8월,470674
2172,6,2612,역촌,2022년8월,120012
2173,6,2613,불광(6),2022년8월,123477
2174,6,2614,독바위,2022년8월,81394
2175,6,2616,구산,2022년8월,162004
2176,6,2617,새절,2022년8월,314426
2177,6,2618,증산,2022년8월,267940
2178,6,2619,디지털미디어시티(6),2022년8월,419585
2179,6,2620,월드컵경기장,2022년8월,152672
2180,6,2621,마포구청,2022년8월,352351
2181,6,2622,망원,2022년8월,435660
2182,6,2623,합정(6),2022년8월,380934
2183,6,2624,상수,2022년8월,307396
2184,6,2625,광흥창,2022년8월,238679
2185,6,2626,대흥,2022년8월,232368
2186,6,2627,공덕(6),2022년8월,473862
2187,6,2628,효창공원앞,2022년8월,171554
2188,6,2629,삼각지(6),2022년8월,170183
2189,6,2630,녹사평,2022년8월,152319
2190,6,2631,이태원,2022년8월,402029
2191,6,2632,한강진,2022년8월,288833
2192,6,2633,버티고개,2022년8월,59599
2193,6,2634,약수(6),2022년8월,98739
2194,6,2635,청구(6),2022년8월,100772
2195,6,2636,신당(6),2022년8월,227469
2196,6,2637,동묘앞(6),2022년8월,225901
2197,6,2638,창신,2022년8월,77669
2198,6,2639,보문,2022년8월,186210
2199,6,2640,안암,2022년8월,284444
2200,6,2641,고려대,2022년8월,208405
2201,6,2642,월곡,2022년8월,305819
2202,6,2643,상월곡,2022년8월,152865
2203,6,2644,돌곶이,2022년8월,238118
2204,6,2645,석계(6),2022년8월,343298
2205,6,2646,태릉입구(6),2022년8월,163930
2206,6,2647,화랑대,2022년8월,237054
2207,6,2648,봉화산,2022년8월,229361
2208,7,2711,장암,2022년8월,31730
2209,7,2712,도봉산(7),2022년8월,287148
2210,7,2713,수락산,2022년8월,353763
2211,7,2714,마들,2022년8월,333545
2212,7,2715,노원(7),2022년8월,583516
2213,7,2716,중계,2022년8월,348067
2214,7,2717,하계,2022년8월,449177
2215,7,2718,공릉,2022년8월,312192
2216,7,2719,태릉입구(7),2022년8월,221494
2217,7,2720,먹골,2022년8월,275063
2218,7,2721,중화,2022년8월,281367
2219,7,2722,상봉(7),2022년8월,443806
2220,7,2723,면목,2022년8월,396423
2221,7,2724,사가정,2022년8월,431361
2222,7,2725,용마산,2022년8월,160219
2223,7,2726,중곡,2022년8월,275881
2224,7,2727,군자(7),2022년8월,328886
2225,7,2728,어린이대공원,2022년8월,374304
2226,7,2729,건대입구(7),2022년8월,380897
2227,7,2730,뚝섬유원지,2022년8월,251438
2228,7,2731,청담,2022년8월,576200
2229,7,2732,강남구청,2022년8월,485694
2230,7,2733,학동,2022년8월,643287
2231,7,2734,논현,2022년8월,512164
2232,7,2735,반포,2022년8월,162761
2233,7,2736,고속터미널(7),2022년8월,385848
2234,7,2737,내방,2022년8월,390342
2235,7,2738,이수(7),2022년8월,417149
2236,7,2739,남성,2022년8월,285273
2237,7,2740,숭실대입구,2022년8월,322717
2238,7,2741,상도,2022년8월,285832
2239,7,2742,장승배기,2022년8월,247187
2240,7,2743,신대방삼거리,2022년8월,391199
2241,7,2744,보라매,2022년8월,207275
2242,7,2745,신풍,2022년8월,307555
2243,7,2746,대림(7),2022년8월,245685
2244,7,2747,남구로,2022년8월,429173
2245,7,2748,가산디지털단지(7),2022년8월,1083488
2246,7,2749,철산,2022년8월,582502
2247,7,2750,광명사거리,2022년8월,588556
2248,7,2751,천왕,2022년8월,289970
2249,7,2752,온수(7),2022년8월,248056
2250,8,2811,암사,2022년8월,453107
2251,8,2812,천호(8),2022년8월,472489
2252,8,2813,강동구청,2022년8월,282283
2253,8,2814,몽촌토성,2022년8월,171541
2254,8,2815,잠실(8),2022년8월,510141
2255,8,2816,석촌(8),2022년8월,245031
2256,8,2817,송파,2022년8월,234614
2257,8,2818,가락시장(8),2022년8월,226320
2258,8,2819,문정,2022년8월,569490
2259,8,2820,장지,2022년8월,448287
2260,8,2821,복정(8),2022년8월,210960
2261,8,2822,산성,2022년8월,145704
2262,8,2823,남한산성입구,2022년8월,329224
2263,8,2824,단대오거리,2022년8월,278507
2264,8,2825,신흥,2022년8월,131443
2265,8,2826,수진,2022년8월,138265
2266,8,2827,모란(8),2022년8월,109975
2267,8,2828,남위례,2022년8월,154164
2268,9,4126,언주,2022년8월,51945
2269,9,4127,선정릉,2022년8월,46445
2270,9,4128,삼성중앙,2022년8월,37681
2271,9,4129,봉은사,2022년8월,90351
2272,9,4130,종합운동장(9),2022년8월,21035
2273,9,4131,삼전,2022년8월,47780
2274,9,4132,석촌고분,2022년8월,41227
2275,9,4133,석촌(9),2022년8월,50648
2276,9,4134,송파나루,2022년8월,43206
2277,9,4135,한성백제,2022년8월,21714
2278,9,4136,올림픽공원(9),2022년8월,43495
2279,9,4137,둔촌오륜,2022년8월,9659
2280,9,4138,중앙보훈병원,2022년8월,57410
